moves_used,move_limit
1,140
9,140
140,140
140,140
2,140
1,140
0,140
140,140
140,140
0,140
140,140
140,140
140,140
1,140
140,140
0,140
0,140
140,140
140,140
140,140
140,140
0,140
10,140
140,140
140,140
0,140
140,140
4,140
140,140
140,140
0,140
140,140
0,140
0,140
0,140
1,140
140,140
1,140
140,140
140,140
140,140
1,140
140,140
0,140
0,140
140,140
140,140
0,140
140,140
140,140
140,140
1,140
140,140
1,140
140,140
1,140
140,140
1,140
2,140
0,140
140,140
140,140
140,140
140,140
140,140
140,140
3,140
1,140
3,140
0,140
0,140
0,140
140,140
1,140
140,140
0,140
5,140
2,140
0,140
140,140
140,140
140,140
1,140
1,140
140,140
140,140
140,140
140,140
140,140
4,140
0,140
140,140
140,140
11,140
140,140
140,140
140,140
140,140
140,140
140,140
4,210
210,210
0,210
0,210
0,210
5,210
0,210
1,210
8,210
210,210
210,210
210,210
210,210
210,210
210,210
0,210
210,210
210,210
210,210
210,210
5,210
210,210
210,210
210,210
210,210
210,210
0,210
0,210
210,210
210,210
210,210
4,210
6,210
1,210
1,210
1,210
210,210
0,210
210,210
0,210
210,210
5,210
0,210
0,210
210,210
210,210
4,210
0,210
7,210
1,210
4,210
1,210
210,210
210,210
210,210
210,210
210,210
8,210
210,210
210,210
3,210
1,210
0,210
1,210
0,210
210,210
4,210
210,210
210,210
4,210
4,210
210,210
210,210
1,210
2,210
2,210
210,210
210,210
210,210
210,210
1,210
210,210
210,210
210,210
210,210
0,210
0,210
0,210
0,210
210,210
210,210
7,210
4,210
210,210
210,210
210,210
1,210
210,210
210,210
210,210
3,280
0,280
280,280
4,280
2,280
2,280
0,280
0,280
280,280
280,280
280,280
280,280
8,280
280,280
280,280
3,280
0,280
280,280
5,280
0,280
280,280
280,280
0,280
11,280
5,280
1,280
280,280
7,280
1,280
0,280
280,280
5,280
280,280
5,280
280,280
0,280
280,280
280,280
280,280
280,280
5,280
0,280
0,280
12,280
8,280
0,280
6,280
280,280
280,280
280,280
280,280
2,280
280,280
1,280
280,280
0,280
280,280
7,280
280,280
280,280
6,280
2,280
280,280
1,280
280,280
0,280
280,280
280,280
280,280
14,280
280,280
0,280
5,280
280,280
280,280
0,280
280,280
280,280
280,280
0,280
280,280
280,280
280,280
2,280
1,280
280,280
280,280
0,280
2,280
280,280
8,280
280,280
280,280
280,280
280,280
280,280
280,280
280,280
280,280
280,280
350,350
350,350
350,350
350,350
4,350
350,350
5,350
3,350
350,350
0,350
1,350
350,350
1,350
350,350
350,350
350,350
0,350
2,350
350,350
6,350
3,350
350,350
350,350
9,350
0,350
350,350
7,350
350,350
350,350
350,350
8,350
11,350
5,350
0,350
4,350
350,350
350,350
27,350
350,350
4,350
4,350
350,350
5,350
350,350
350,350
11,350
0,350
350,350
12,350
5,350
8,350
1,350
3,350
0,350
5,350
350,350
2,350
10,350
0,350
9,350
350,350
10,350
350,350
350,350
350,350
350,350
350,350
350,350
19,350
1,350
350,350
2,350
2,350
6,350
0,350
350,350
13,350
350,350
350,350
350,350
350,350
0,350
7,350
3,350
10,350
350,350
350,350
350,350
350,350
2,350
350,350
3,350
350,350
350,350
350,350
350,350
350,350
0,350
6,350
350,350
1,420
420,420
420,420
420,420
6,420
420,420
3,420
20,420
3,420
1,420
420,420
420,420
420,420
1,420
420,420
2,420
13,420
0,420
11,420
420,420
7,420
11,420
420,420
4,420
6,420
2,420
3,420
420,420
17,420
5,420
5,420
0,420
0,420
13,420
1,420
8,420
420,420
420,420
420,420
420,420
420,420
3,420
3,420
2,420
420,420
420,420
13,420
420,420
420,420
420,420
7,420
12,420
2,420
420,420
420,420
18,420
7,420
5,420
4,420
420,420
7,420
20,420
420,420
420,420
420,420
420,420
5,420
420,420
21,420
0,420
1,420
420,420
420,420
1,420
420,420
420,420
9,420
5,420
420,420
420,420
420,420
12,420
420,420
1,420
420,420
5,420
420,420
1,420
420,420
12,420
6,420
420,420
420,420
1,420
420,420
420,420
12,420
420,420
5,420
6,420
2,490
8,490
8,490
490,490
0,490
490,490
490,490
16,490
2,490
490,490
490,490
490,490
490,490
490,490
490,490
7,490
2,490
0,490
490,490
4,490
28,490
18,490
490,490
4,490
490,490
7,490
490,490
490,490
490,490
8,490
3,490
490,490
24,490
490,490
490,490
9,490
490,490
3,490
490,490
8,490
13,490
490,490
1,490
490,490
490,490
490,490
4,490
490,490
0,490
0,490
490,490
490,490
5,490
12,490
490,490
490,490
0,490
490,490
490,490
490,490
490,490
1,490
0,490
490,490
12,490
10,490
490,490
490,490
7,490
490,490
490,490
33,490
490,490
16,490
490,490
490,490
4,490
490,490
490,490
2,490
490,490
490,490
24,490
490,490
490,490
490,490
490,490
490,490
490,490
490,490
490,490
490,490
490,490
490,490
490,490
490,490
10,490
8,490
4,490
32,490
5,560
2,560
2,560
560,560
560,560
23,560
560,560
560,560
560,560
1,560
560,560
560,560
3,560
14,560
560,560
8,560
560,560
12,560
560,560
5,560
0,560
560,560
560,560
4,560
560,560
2,560
560,560
560,560
4,560
560,560
15,560
28,560
560,560
560,560
11,560
0,560
560,560
560,560
4,560
560,560
560,560
17,560
560,560
560,560
28,560
8,560
560,560
1,560
560,560
560,560
4,560
1,560
15,560
8,560
560,560
560,560
0,560
2,560
560,560
560,560
560,560
560,560
11,560
6,560
560,560
560,560
560,560
560,560
7,560
2,560
560,560
560,560
560,560
24,560
560,560
560,560
2,560
560,560
5,560
560,560
34,560
560,560
560,560
560,560
30,560
3,560
560,560
560,560
21,560
560,560
560,560
560,560
0,560
13,560
560,560
8,560
2,560
560,560
8,560
19,560
15,630
3,630
630,630
2,630
630,630
630,630
630,630
630,630
630,630
0,630
8,630
630,630
14,630
15,630
6,630
0,630
0,630
41,630
7,630
630,630
2,630
630,630
630,630
630,630
12,630
630,630
630,630
630,630
9,630
630,630
2,630
630,630
15,630
33,630
630,630
630,630
16,630
2,630
8,630
7,630
630,630
630,630
630,630
14,630
630,630
33,630
12,630
630,630
8,630
630,630
630,630
0,630
630,630
630,630
12,630
630,630
630,630
4,630
630,630
630,630
15,630
630,630
10,630
2,630
1,630
630,630
630,630
2,630
0,630
630,630
630,630
630,630
630,630
630,630
630,630
630,630
45,630
1,630
630,630
630,630
19,630
630,630
2,630
630,630
11,630
630,630
18,630
630,630
0,630
7,630
1,630
1,630
16,630
630,630
630,630
630,630
8,630
630,630
630,630
0,630
700,700
10,700
700,700
40,700
2,700
700,700
700,700
700,700
18,700
700,700
0,700
15,700
700,700
0,700
700,700
25,700
25,700
37,700
0,700
0,700
17,700
700,700
700,700
700,700
700,700
700,700
700,700
700,700
3,700
700,700
0,700
700,700
22,700
700,700
10,700
23,700
700,700
700,700
6,700
700,700
700,700
16,700
700,700
9,700
700,700
700,700
0,700
700,700
10,700
700,700
2,700
12,700
700,700
7,700
66,700
0,700
5,700
8,700
700,700
700,700
700,700
2,700
700,700
700,700
700,700
700,700
700,700
6,700
44,700
700,700
700,700
58,700
700,700
13,700
12,700
700,700
5,700
700,700
700,700
13,700
700,700
700,700
700,700
700,700
42,700
12,700
36,700
700,700
700,700
700,700
700,700
700,700
9,700
49,700
700,700
700,700
700,700
700,700
8,700
700,700
72,770
770,770
770,770
770,770
770,770
770,770
770,770
5,770
770,770
50,770
770,770
770,770
770,770
770,770
770,770
7,770
770,770
1,770
5,770
770,770
34,770
770,770
19,770
770,770
1,770
770,770
770,770
770,770
35,770
43,770
770,770
770,770
770,770
1,770
15,770
13,770
1,770
18,770
770,770
770,770
770,770
2,770
1,770
18,770
34,770
770,770
1,770
18,770
770,770
770,770
8,770
770,770
770,770
770,770
770,770
770,770
770,770
770,770
2,770
17,770
770,770
29,770
770,770
770,770
6,770
16,770
26,770
770,770
0,770
21,770
16,770
6,770
15,770
8,770
770,770
0,770
770,770
770,770
19,770
18,770
770,770
5,770
770,770
770,770
770,770
770,770
14,770
15,770
21,770
770,770
17,770
770,770
770,770
27,770
8,770
770,770
770,770
770,770
7,770
770,770
210,210
210,210
0,210
0,210
210,210
210,210
210,210
5,210
210,210
210,210
4,210
11,210
1,210
210,210
210,210
210,210
210,210
2,210
0,210
210,210
18,210
0,210
210,210
210,210
210,210
0,210
0,210
210,210
210,210
210,210
14,210
210,210
0,210
210,210
210,210
30,210
0,210
210,210
210,210
1,210
4,210
1,210
0,210
0,210
210,210
210,210
1,210
210,210
210,210
6,210
210,210
210,210
14,210
6,210
0,210
0,210
14,210
1,210
210,210
210,210
2,210
210,210
0,210
210,210
210,210
5,210
210,210
210,210
210,210
210,210
210,210
210,210
2,210
4,210
1,210
4,210
13,210
210,210
210,210
1,210
1,210
210,210
210,210
1,210
210,210
2,210
2,210
10,210
210,210
4,210
210,210
210,210
1,210
210,210
5,210
210,210
210,210
0,210
210,210
2,210
315,315
315,315
5,315
315,315
315,315
2,315
315,315
11,315
2,315
315,315
5,315
315,315
315,315
315,315
315,315
315,315
315,315
315,315
16,315
8,315
11,315
315,315
315,315
20,315
3,315
0,315
315,315
13,315
315,315
315,315
0,315
9,315
315,315
315,315
315,315
315,315
315,315
21,315
315,315
315,315
315,315
19,315
315,315
315,315
315,315
315,315
0,315
315,315
0,315
315,315
0,315
315,315
315,315
10,315
315,315
5,315
315,315
315,315
7,315
315,315
2,315
0,315
315,315
315,315
315,315
14,315
315,315
315,315
315,315
0,315
0,315
0,315
0,315
315,315
8,315
315,315
0,315
315,315
315,315
315,315
8,315
3,315
2,315
315,315
0,315
315,315
4,315
0,315
4,315
10,315
0,315
6,315
0,315
315,315
1,315
8,315
315,315
315,315
1,315
315,315
6,420
420,420
23,420
7,420
420,420
1,420
8,420
420,420
420,420
420,420
18,420
6,420
420,420
2,420
14,420
420,420
420,420
3,420
1,420
420,420
420,420
16,420
420,420
6,420
14,420
15,420
5,420
420,420
420,420
0,420
420,420
3,420
420,420
420,420
9,420
420,420
420,420
420,420
8,420
13,420
2,420
10,420
420,420
420,420
420,420
420,420
19,420
16,420
13,420
10,420
11,420
420,420
420,420
420,420
2,420
9,420
8,420
420,420
420,420
420,420
1,420
0,420
19,420
1,420
15,420
0,420
2,420
420,420
1,420
22,420
420,420
420,420
420,420
420,420
11,420
420,420
13,420
4,420
2,420
5,420
420,420
0,420
420,420
13,420
10,420
0,420
420,420
420,420
420,420
420,420
420,420
23,420
19,420
30,420
13,420
19,420
7,420
0,420
16,420
8,420
525,525
525,525
525,525
12,525
5,525
525,525
525,525
525,525
525,525
0,525
13,525
0,525
14,525
525,525
1,525
15,525
11,525
7,525
15,525
15,525
28,525
1,525
25,525
525,525
525,525
16,525
525,525
525,525
525,525
7,525
525,525
2,525
31,525
525,525
21,525
1,525
24,525
17,525
1,525
525,525
525,525
525,525
525,525
26,525
4,525
525,525
525,525
0,525
1,525
35,525
13,525
4,525
0,525
525,525
1,525
3,525
19,525
525,525
11,525
525,525
0,525
7,525
3,525
525,525
14,525
5,525
3,525
3,525
525,525
8,525
3,525
525,525
0,525
4,525
15,525
8,525
0,525
525,525
38,525
11,525
525,525
8,525
525,525
2,525
525,525
525,525
1,525
10,525
8,525
525,525
0,525
525,525
525,525
3,525
525,525
16,525
525,525
525,525
3,525
6,525
630,630
0,630
3,630
9,630
25,630
630,630
8,630
0,630
15,630
22,630
1,630
27,630
4,630
10,630
22,630
7,630
7,630
23,630
24,630
5,630
2,630
14,630
1,630
14,630
34,630
3,630
630,630
630,630
2,630
16,630
2,630
6,630
630,630
4,630
10,630
28,630
630,630
630,630
630,630
9,630
45,630
3,630
630,630
630,630
16,630
630,630
3,630
6,630
2,630
11,630
0,630
11,630
12,630
31,630
630,630
0,630
7,630
630,630
1,630
30,630
3,630
630,630
630,630
0,630
4,630
8,630
3,630
630,630
1,630
630,630
3,630
630,630
630,630
630,630
12,630
1,630
630,630
10,630
1,630
630,630
4,630
630,630
2,630
630,630
630,630
630,630
7,630
630,630
13,630
3,630
630,630
0,630
630,630
630,630
4,630
630,630
630,630
630,630
4,630
9,630
0,735
11,735
27,735
1,735
6,735
0,735
0,735
735,735
24,735
43,735
24,735
735,735
6,735
29,735
21,735
4,735
7,735
36,735
5,735
6,735
4,735
735,735
735,735
735,735
735,735
31,735
26,735
6,735
10,735
8,735
11,735
735,735
735,735
3,735
17,735
735,735
14,735
7,735
735,735
25,735
41,735
735,735
735,735
0,735
2,735
19,735
20,735
735,735
5,735
11,735
45,735
31,735
735,735
69,735
9,735
735,735
735,735
4,735
64,735
1,735
39,735
1,735
735,735
735,735
735,735
735,735
35,735
735,735
735,735
735,735
11,735
735,735
735,735
49,735
735,735
41,735
0,735
735,735
735,735
735,735
2,735
17,735
735,735
45,735
12,735
76,735
735,735
735,735
10,735
735,735
12,735
21,735
2,735
3,735
11,735
9,735
1,735
7,735
28,735
3,735
840,840
11,840
25,840
840,840
10,840
840,840
43,840
13,840
840,840
10,840
23,840
840,840
840,840
33,840
840,840
21,840
4,840
840,840
9,840
840,840
840,840
840,840
22,840
104,840
24,840
5,840
31,840
23,840
32,840
2,840
2,840
840,840
9,840
840,840
18,840
14,840
18,840
0,840
17,840
10,840
15,840
1,840
62,840
840,840
840,840
1,840
0,840
21,840
11,840
22,840
12,840
840,840
840,840
41,840
21,840
840,840
1,840
11,840
840,840
840,840
7,840
840,840
840,840
28,840
37,840
840,840
21,840
5,840
0,840
840,840
840,840
840,840
3,840
840,840
19,840
840,840
43,840
0,840
840,840
840,840
23,840
10,840
9,840
840,840
840,840
840,840
840,840
840,840
43,840
840,840
0,840
840,840
8,840
840,840
1,840
840,840
36,840
2,840
1,840
840,840
10,945
80,945
7,945
0,945
57,945
8,945
14,945
23,945
31,945
945,945
24,945
16,945
945,945
21,945
945,945
945,945
88,945
0,945
8,945
51,945
18,945
945,945
21,945
57,945
6,945
34,945
19,945
14,945
8,945
2,945
945,945
87,945
44,945
945,945
29,945
945,945
21,945
40,945
12,945
41,945
945,945
0,945
12,945
109,945
12,945
32,945
945,945
24,945
5,945
945,945
11,945
945,945
7,945
945,945
12,945
0,945
945,945
24,945
945,945
945,945
39,945
10,945
945,945
945,945
945,945
18,945
945,945
33,945
28,945
12,945
13,945
14,945
14,945
16,945
1,945
38,945
55,945
945,945
945,945
7,945
945,945
12,945
23,945
18,945
15,945
945,945
9,945
14,945
6,945
11,945
31,945
30,945
13,945
3,945
945,945
0,945
29,945
9,945
6,945
945,945
1050,1050
1050,1050
53,1050
3,1050
65,1050
5,1050
1050,1050
43,1050
32,1050
9,1050
1050,1050
19,1050
1050,1050
0,1050
64,1050
15,1050
10,1050
12,1050
7,1050
14,1050
9,1050
1050,1050
82,1050
15,1050
19,1050
37,1050
78,1050
8,1050
11,1050
17,1050
34,1050
5,1050
60,1050
13,1050
1050,1050
0,1050
1050,1050
15,1050
9,1050
11,1050
3,1050
1050,1050
1050,1050
1050,1050
1050,1050
12,1050
23,1050
1050,1050
7,1050
1050,1050
1050,1050
2,1050
11,1050
26,1050
0,1050
1050,1050
38,1050
1050,1050
10,1050
1050,1050
1050,1050
18,1050
8,1050
18,1050
4,1050
1050,1050
1050,1050
19,1050
4,1050
2,1050
15,1050
40,1050
1050,1050
1050,1050
1050,1050
1050,1050
1050,1050
4,1050
46,1050
23,1050
17,1050
1050,1050
1050,1050
6,1050
5,1050
1050,1050
1050,1050
1050,1050
1050,1050
4,1050
1050,1050
94,1050
1050,1050
0,1050
21,1050
44,1050
1050,1050
9,1050
1050,1050
1050,1050
7,1155
30,1155
0,1155
60,1155
4,1155
1155,1155
7,1155
1155,1155
1155,1155
1155,1155
12,1155
1155,1155
0,1155
52,1155
7,1155
12,1155
1155,1155
48,1155
33,1155
1155,1155
2,1155
44,1155
37,1155
41,1155
1155,1155
1155,1155
1155,1155
1155,1155
2,1155
2,1155
59,1155
1155,1155
1155,1155
9,1155
31,1155
43,1155
98,1155
2,1155
1155,1155
14,1155
81,1155
40,1155
18,1155
1155,1155
1155,1155
15,1155
47,1155
40,1155
1155,1155
1155,1155
1155,1155
1155,1155
1155,1155
10,1155
0,1155
73,1155
1155,1155
28,1155
29,1155
1155,1155
72,1155
1155,1155
16,1155
39,1155
55,1155
1,1155
14,1155
1155,1155
1155,1155
7,1155
7,1155
1155,1155
2,1155
1,1155
1155,1155
37,1155
5,1155
52,1155
1155,1155
24,1155
53,1155
48,1155
1155,1155
18,1155
1155,1155
15,1155
5,1155
22,1155
42,1155
1155,1155
12,1155
1155,1155
6,1155
1155,1155
1155,1155
67,1155
1155,1155
54,1155
55,1155
1155,1155
3,280
280,280
280,280
0,280
280,280
280,280
1,280
0,280
8,280
280,280
280,280
30,280
280,280
280,280
280,280
3,280
0,280
280,280
3,280
6,280
0,280
280,280
280,280
1,280
280,280
280,280
5,280
280,280
0,280
280,280
13,280
0,280
9,280
280,280
280,280
280,280
3,280
280,280
280,280
280,280
280,280
280,280
0,280
6,280
280,280
280,280
0,280
280,280
9,280
280,280
280,280
280,280
280,280
280,280
280,280
0,280
280,280
280,280
3,280
280,280
0,280
3,280
280,280
280,280
280,280
280,280
280,280
2,280
14,280
280,280
12,280
280,280
280,280
280,280
280,280
0,280
280,280
3,280
5,280
11,280
280,280
280,280
280,280
280,280
10,280
280,280
1,280
280,280
0,280
280,280
0,280
280,280
1,280
280,280
280,280
280,280
280,280
280,280
280,280
280,280
420,420
420,420
2,420
4,420
39,420
420,420
0,420
420,420
420,420
6,420
46,420
25,420
21,420
0,420
7,420
5,420
0,420
420,420
420,420
0,420
5,420
6,420
420,420
8,420
420,420
420,420
1,420
420,420
420,420
420,420
0,420
420,420
420,420
27,420
420,420
0,420
1,420
24,420
420,420
0,420
420,420
420,420
420,420
6,420
18,420
420,420
2,420
420,420
2,420
420,420
1,420
420,420
12,420
6,420
3,420
0,420
420,420
17,420
420,420
420,420
5,420
420,420
420,420
11,420
420,420
420,420
5,420
420,420
420,420
7,420
3,420
420,420
420,420
0,420
1,420
0,420
1,420
14,420
420,420
2,420
15,420
2,420
420,420
8,420
1,420
11,420
420,420
420,420
8,420
5,420
420,420
420,420
13,420
420,420
420,420
19,420
420,420
1,420
19,420
11,420
560,560
4,560
15,560
560,560
24,560
560,560
43,560
18,560
560,560
560,560
27,560
1,560
560,560
18,560
560,560
11,560
3,560
560,560
15,560
560,560
3,560
0,560
22,560
560,560
1,560
2,560
560,560
7,560
14,560
5,560
560,560
10,560
44,560
23,560
1,560
2,560
7,560
4,560
39,560
8,560
560,560
1,560
7,560
4,560
0,560
560,560
560,560
560,560
18,560
560,560
19,560
6,560
14,560
560,560
560,560
6,560
6,560
7,560
7,560
7,560
4,560
560,560
7,560
24,560
560,560
560,560
71,560
1,560
560,560
5,560
0,560
560,560
560,560
18,560
560,560
16,560
2,560
7,560
9,560
560,560
560,560
2,560
18,560
560,560
3,560
13,560
560,560
1,560
99,560
560,560
560,560
0,560
560,560
11,560
560,560
560,560
7,560
560,560
0,560
13,560
700,700
32,700
1,700
39,700
37,700
18,700
18,700
4,700
33,700
700,700
700,700
700,700
0,700
20,700
43,700
34,700
0,700
700,700
700,700
3,700
117,700
14,700
700,700
10,700
7,700
700,700
13,700
2,700
700,700
1,700
8,700
700,700
11,700
700,700
2,700
26,700
12,700
700,700
25,700
6,700
68,700
700,700
5,700
700,700
700,700
0,700
700,700
4,700
0,700
5,700
17,700
25,700
700,700
0,700
700,700
20,700
11,700
2,700
0,700
16,700
6,700
0,700
700,700
0,700
700,700
1,700
15,700
13,700
2,700
700,700
700,700
32,700
2,700
700,700
15,700
700,700
17,700
18,700
700,700
32,700
19,700
7,700
44,700
700,700
5,700
1,700
22,700
700,700
9,700
25,700
14,700
13,700
700,700
4,700
700,700
21,700
11,700
5,700
25,700
17,700
840,840
12,840
9,840
1,840
26,840
8,840
840,840
8,840
16,840
3,840
19,840
0,840
9,840
840,840
45,840
4,840
2,840
13,840
14,840
840,840
9,840
28,840
32,840
22,840
18,840
10,840
840,840
4,840
840,840
840,840
9,840
6,840
44,840
840,840
840,840
840,840
840,840
26,840
840,840
16,840
2,840
840,840
5,840
3,840
840,840
840,840
10,840
840,840
840,840
22,840
4,840
56,840
4,840
10,840
4,840
33,840
2,840
19,840
37,840
840,840
19,840
27,840
6,840
6,840
40,840
10,840
36,840
840,840
3,840
8,840
840,840
30,840
840,840
840,840
15,840
35,840
28,840
840,840
7,840
840,840
31,840
840,840
2,840
14,840
840,840
22,840
840,840
840,840
30,840
12,840
39,840
42,840
7,840
840,840
59,840
21,840
60,840
23,840
21,840
6,840
25,980
980,980
1,980
35,980
1,980
16,980
69,980
980,980
50,980
4,980
5,980
980,980
2,980
1,980
980,980
14,980
980,980
49,980
19,980
980,980
4,980
5,980
14,980
55,980
980,980
980,980
9,980
980,980
980,980
20,980
5,980
980,980
980,980
0,980
27,980
980,980
106,980
1,980
2,980
1,980
980,980
1,980
17,980
9,980
24,980
5,980
980,980
980,980
11,980
9,980
0,980
2,980
1,980
0,980
38,980
980,980
14,980
19,980
8,980
26,980
8,980
980,980
5,980
980,980
45,980
9,980
21,980
26,980
980,980
980,980
14,980
980,980
14,980
24,980
27,980
39,980
6,980
4,980
980,980
980,980
980,980
980,980
28,980
980,980
980,980
980,980
13,980
980,980
19,980
13,980
980,980
15,980
6,980
980,980
23,980
980,980
7,980
21,980
26,980
77,980
16,1120
4,1120
1120,1120
0,1120
1120,1120
4,1120
15,1120
16,1120
1120,1120
10,1120
7,1120
1,1120
6,1120
7,1120
31,1120
6,1120
16,1120
1120,1120
18,1120
1120,1120
6,1120
1,1120
1120,1120
1120,1120
1120,1120
3,1120
1120,1120
13,1120
27,1120
37,1120
5,1120
9,1120
0,1120
0,1120
109,1120
1120,1120
1120,1120
51,1120
5,1120
2,1120
1120,1120
1120,1120
52,1120
1120,1120
8,1120
17,1120
12,1120
0,1120
13,1120
1120,1120
31,1120
1120,1120
8,1120
3,1120
23,1120
1120,1120
0,1120
219,1120
23,1120
3,1120
13,1120
1120,1120
6,1120
3,1120
1120,1120
3,1120
21,1120
30,1120
91,1120
8,1120
0,1120
26,1120
1120,1120
14,1120
1120,1120
1120,1120
1120,1120
23,1120
1120,1120
1120,1120
18,1120
1120,1120
2,1120
12,1120
0,1120
0,1120
50,1120
0,1120
16,1120
25,1120
27,1120
33,1120
4,1120
58,1120
34,1120
8,1120
22,1120
26,1120
49,1120
5,1120
26,1260
18,1260
4,1260
14,1260
1260,1260
39,1260
1,1260
32,1260
55,1260
43,1260
1260,1260
16,1260
22,1260
2,1260
3,1260
1,1260
33,1260
8,1260
11,1260
1260,1260
1260,1260
26,1260
26,1260
9,1260
20,1260
43,1260
0,1260
32,1260
1260,1260
60,1260
1260,1260
32,1260
1260,1260
1260,1260
1260,1260
49,1260
4,1260
0,1260
1260,1260
23,1260
1260,1260
24,1260
1260,1260
2,1260
1260,1260
2,1260
1260,1260
56,1260
1260,1260
71,1260
1260,1260
20,1260
67,1260
16,1260
17,1260
1260,1260
3,1260
1260,1260
11,1260
1260,1260
0,1260
1,1260
6,1260
72,1260
13,1260
17,1260
1260,1260
1260,1260
1260,1260
1260,1260
31,1260
1260,1260
8,1260
1260,1260
1260,1260
1,1260
1260,1260
17,1260
46,1260
59,1260
1260,1260
99,1260
12,1260
27,1260
2,1260
64,1260
1260,1260
1260,1260
48,1260
35,1260
1260,1260
23,1260
15,1260
14,1260
8,1260
6,1260
21,1260
1260,1260
36,1260
96,1260
0,1400
0,1400
2,1400
1400,1400
19,1400
15,1400
21,1400
1400,1400
76,1400
16,1400
148,1400
1400,1400
22,1400
21,1400
1400,1400
124,1400
14,1400
15,1400
14,1400
1400,1400
1400,1400
1400,1400
3,1400
14,1400
4,1400
67,1400
1400,1400
49,1400
1400,1400
51,1400
13,1400
20,1400
1400,1400
35,1400
44,1400
1400,1400
20,1400
34,1400
5,1400
2,1400
3,1400
1400,1400
4,1400
1,1400
3,1400
4,1400
49,1400
10,1400
15,1400
30,1400
1400,1400
10,1400
53,1400
104,1400
22,1400
16,1400
118,1400
13,1400
10,1400
27,1400
16,1400
78,1400
46,1400
1400,1400
1,1400
29,1400
12,1400
1400,1400
10,1400
1400,1400
1400,1400
9,1400
5,1400
6,1400
33,1400
90,1400
7,1400
1400,1400
1400,1400
1400,1400
14,1400
31,1400
2,1400
0,1400
56,1400
1400,1400
11,1400
0,1400
1400,1400
54,1400
25,1400
57,1400
42,1400
1400,1400
2,1400
2,1400
51,1400
29,1400
1400,1400
18,1400
31,1540
12,1540
86,1540
52,1540
79,1540
0,1540
1540,1540
1540,1540
5,1540
1540,1540
25,1540
1540,1540
1540,1540
11,1540
21,1540
1540,1540
63,1540
1540,1540
27,1540
1540,1540
37,1540
1540,1540
8,1540
15,1540
78,1540
62,1540
31,1540
1540,1540
29,1540
1540,1540
58,1540
82,1540
1540,1540
1540,1540
12,1540
11,1540
56,1540
1540,1540
13,1540
7,1540
35,1540
1,1540
18,1540
1,1540
43,1540
1540,1540
40,1540
1540,1540
19,1540
1540,1540
29,1540
9,1540
1540,1540
1,1540
9,1540
44,1540
23,1540
11,1540
9,1540
1540,1540
1540,1540
1540,1540
1540,1540
0,1540
1540,1540
73,1540
79,1540
5,1540
37,1540
24,1540
1540,1540
20,1540
66,1540
36,1540
1540,1540
48,1540
50,1540
6,1540
18,1540
66,1540
56,1540
1540,1540
2,1540
33,1540
16,1540
65,1540
54,1540
16,1540
1540,1540
1540,1540
20,1540
25,1540
157,1540
1540,1540
1540,1540
1540,1540
3,1540
58,1540
12,1540
10,1540
10,350
350,350
1,350
1,350
1,350
350,350
8,350
6,350
350,350
10,350
350,350
8,350
10,350
350,350
350,350
4,350
0,350
5,350
0,350
350,350
6,350
350,350
6,350
2,350
10,350
1,350
350,350
11,350
2,350
350,350
350,350
0,350
3,350
350,350
350,350
1,350
350,350
350,350
350,350
0,350
350,350
3,350
350,350
350,350
350,350
350,350
350,350
2,350
8,350
350,350
350,350
350,350
350,350
0,350
2,350
350,350
350,350
10,350
350,350
6,350
350,350
350,350
3,350
0,350
350,350
3,350
1,350
350,350
32,350
0,350
0,350
16,350
350,350
0,350
350,350
350,350
0,350
350,350
350,350
2,350
350,350
0,350
350,350
350,350
350,350
350,350
350,350
14,350
23,350
350,350
350,350
8,350
0,350
2,350
350,350
350,350
0,350
350,350
350,350
40,350
525,525
525,525
8,525
6,525
525,525
11,525
525,525
18,525
7,525
14,525
525,525
525,525
525,525
525,525
0,525
7,525
11,525
23,525
1,525
525,525
525,525
0,525
525,525
525,525
525,525
28,525
2,525
5,525
13,525
525,525
525,525
525,525
16,525
525,525
0,525
525,525
13,525
0,525
2,525
6,525
525,525
525,525
525,525
0,525
525,525
9,525
525,525
525,525
525,525
8,525
0,525
6,525
17,525
13,525
42,525
12,525
0,525
525,525
0,525
525,525
2,525
0,525
5,525
12,525
32,525
525,525
525,525
2,525
19,525
1,525
6,525
525,525
17,525
525,525
525,525
525,525
6,525
525,525
3,525
19,525
1,525
525,525
11,525
4,525
1,525
0,525
525,525
6,525
7,525
525,525
525,525
0,525
525,525
525,525
9,525
525,525
0,525
525,525
525,525
31,525
2,700
1,700
22,700
700,700
63,700
700,700
700,700
0,700
8,700
700,700
29,700
65,700
700,700
40,700
40,700
1,700
7,700
20,700
700,700
19,700
2,700
700,700
7,700
46,700
700,700
700,700
700,700
11,700
700,700
9,700
12,700
3,700
700,700
6,700
3,700
8,700
700,700
4,700
700,700
25,700
700,700
2,700
16,700
12,700
1,700
0,700
700,700
700,700
4,700
17,700
1,700
700,700
8,700
0,700
31,700
20,700
25,700
14,700
10,700
700,700
9,700
700,700
700,700
700,700
700,700
4,700
5,700
1,700
29,700
7,700
700,700
5,700
8,700
9,700
700,700
9,700
46,700
8,700
6,700
40,700
13,700
10,700
700,700
4,700
700,700
700,700
700,700
700,700
700,700
30,700
700,700
27,700
700,700
700,700
11,700
700,700
2,700
700,700
700,700
700,700
23,875
19,875
15,875
32,875
875,875
9,875
18,875
21,875
2,875
10,875
31,875
875,875
8,875
5,875
16,875
4,875
87,875
14,875
76,875
2,875
875,875
5,875
10,875
34,875
875,875
39,875
875,875
15,875
4,875
875,875
875,875
9,875
8,875
875,875
16,875
875,875
38,875
875,875
9,875
875,875
17,875
15,875
875,875
13,875
24,875
875,875
875,875
21,875
1,875
16,875
56,875
9,875
875,875
4,875
9,875
77,875
875,875
1,875
3,875
13,875
5,875
19,875
875,875
5,875
17,875
13,875
875,875
875,875
14,875
0,875
15,875
2,875
875,875
5,875
30,875
20,875
0,875
875,875
875,875
1,875
875,875
4,875
1,875
31,875
14,875
3,875
3,875
1,875
875,875
8,875
22,875
875,875
875,875
43,875
28,875
875,875
2,875
25,875
875,875
0,875
20,1050
8,1050
1050,1050
1050,1050
8,1050
1,1050
49,1050
7,1050
16,1050
1050,1050
103,1050
1050,1050
1050,1050
1050,1050
1050,1050
11,1050
40,1050
44,1050
1050,1050
1050,1050
1050,1050
9,1050
5,1050
1050,1050
1050,1050
49,1050
18,1050
32,1050
24,1050
1050,1050
1050,1050
1050,1050
1050,1050
1050,1050
1050,1050
24,1050
1050,1050
24,1050
4,1050
8,1050
29,1050
1,1050
120,1050
9,1050
1050,1050
37,1050
34,1050
33,1050
1050,1050
14,1050
18,1050
1050,1050
1050,1050
1050,1050
26,1050
1050,1050
38,1050
11,1050
7,1050
5,1050
1050,1050
1050,1050
2,1050
7,1050
0,1050
15,1050
6,1050
1050,1050
13,1050
46,1050
0,1050
1050,1050
49,1050
1,1050
1050,1050
37,1050
24,1050
8,1050
1050,1050
1050,1050
31,1050
13,1050
30,1050
64,1050
94,1050
26,1050
25,1050
38,1050
1,1050
35,1050
25,1050
1050,1050
1050,1050
1,1050
2,1050
14,1050
28,1050
9,1050
1050,1050
10,1050
13,1225
50,1225
1225,1225
2,1225
7,1225
6,1225
35,1225
25,1225
1225,1225
10,1225
27,1225
1225,1225
1225,1225
8,1225
48,1225
14,1225
12,1225
29,1225
8,1225
38,1225
26,1225
17,1225
1225,1225
7,1225
37,1225
83,1225
60,1225
1225,1225
14,1225
1225,1225
1225,1225
17,1225
21,1225
9,1225
30,1225
1225,1225
1225,1225
8,1225
1225,1225
34,1225
21,1225
27,1225
3,1225
6,1225
39,1225
42,1225
1,1225
8,1225
14,1225
56,1225
22,1225
4,1225
2,1225
1225,1225
28,1225
53,1225
3,1225
39,1225
1225,1225
74,1225
19,1225
27,1225
54,1225
30,1225
1225,1225
1225,1225
1225,1225
1225,1225
22,1225
1225,1225
14,1225
1225,1225
27,1225
1225,1225
1225,1225
3,1225
70,1225
30,1225
28,1225
1225,1225
1225,1225
7,1225
12,1225
1225,1225
1225,1225
15,1225
31,1225
57,1225
33,1225
1225,1225
1225,1225
88,1225
10,1225
6,1225
5,1225
1225,1225
14,1225
1225,1225
18,1225
0,1225
1400,1400
1400,1400
1400,1400
122,1400
1400,1400
73,1400
23,1400
1400,1400
113,1400
36,1400
31,1400
78,1400
55,1400
28,1400
49,1400
14,1400
21,1400
34,1400
3,1400
1400,1400
21,1400
1400,1400
1400,1400
11,1400
1400,1400
33,1400
34,1400
41,1400
44,1400
18,1400
1400,1400
15,1400
12,1400
0,1400
1400,1400
1400,1400
29,1400
34,1400
1400,1400
1400,1400
28,1400
5,1400
15,1400
13,1400
1400,1400
1400,1400
1400,1400
97,1400
1400,1400
1400,1400
1400,1400
1400,1400
1400,1400
1400,1400
1400,1400
56,1400
101,1400
1400,1400
1400,1400
21,1400
1400,1400
1400,1400
12,1400
41,1400
24,1400
1400,1400
54,1400
0,1400
5,1400
97,1400
77,1400
1400,1400
17,1400
29,1400
1400,1400
21,1400
46,1400
4,1400
7,1400
16,1400
41,1400
22,1400
1400,1400
43,1400
8,1400
5,1400
5,1400
55,1400
2,1400
47,1400
1400,1400
28,1400
1400,1400
10,1400
1400,1400
1400,1400
26,1400
1400,1400
1400,1400
3,1400
6,1575
68,1575
36,1575
32,1575
1575,1575
5,1575
1575,1575
37,1575
68,1575
12,1575
42,1575
12,1575
22,1575
143,1575
1575,1575
176,1575
62,1575
1575,1575
1575,1575
70,1575
8,1575
96,1575
11,1575
103,1575
80,1575
1575,1575
61,1575
1575,1575
1575,1575
60,1575
12,1575
35,1575
12,1575
1575,1575
15,1575
0,1575
4,1575
1575,1575
64,1575
1575,1575
4,1575
18,1575
18,1575
6,1575
30,1575
23,1575
37,1575
1575,1575
21,1575
45,1575
3,1575
4,1575
1575,1575
9,1575
33,1575
23,1575
1575,1575
25,1575
16,1575
146,1575
47,1575
18,1575
1575,1575
39,1575
1575,1575
1575,1575
14,1575
18,1575
12,1575
35,1575
89,1575
10,1575
40,1575
17,1575
35,1575
9,1575
68,1575
11,1575
1,1575
54,1575
1575,1575
25,1575
5,1575
1575,1575
1575,1575
23,1575
17,1575
17,1575
0,1575
18,1575
1575,1575
66,1575
1575,1575
12,1575
1575,1575
126,1575
136,1575
1575,1575
1575,1575
128,1575
1750,1750
1750,1750
56,1750
56,1750
31,1750
195,1750
7,1750
94,1750
38,1750
1750,1750
22,1750
9,1750
1750,1750
125,1750
9,1750
13,1750
1750,1750
65,1750
17,1750
35,1750
1750,1750
1750,1750
176,1750
1750,1750
8,1750
21,1750
47,1750
35,1750
1750,1750
106,1750
29,1750
56,1750
6,1750
15,1750
5,1750
32,1750
1750,1750
86,1750
17,1750
70,1750
1750,1750
1750,1750
4,1750
60,1750
1750,1750
48,1750
88,1750
33,1750
18,1750
28,1750
26,1750
6,1750
1750,1750
1750,1750
71,1750
39,1750
5,1750
1750,1750
1750,1750
1750,1750
18,1750
52,1750
100,1750
1750,1750
1750,1750
83,1750
43,1750
23,1750
113,1750
59,1750
93,1750
1750,1750
30,1750
15,1750
94,1750
110,1750
35,1750
33,1750
6,1750
1750,1750
40,1750
1750,1750
1750,1750
1750,1750
1750,1750
24,1750
54,1750
75,1750
43,1750
5,1750
1750,1750
53,1750
18,1750
1750,1750
46,1750
49,1750
18,1750
44,1750
8,1750
8,1750
23,1925
22,1925
55,1925
12,1925
32,1925
58,1925
1925,1925
52,1925
45,1925
17,1925
14,1925
75,1925
43,1925
98,1925
33,1925
1925,1925
25,1925
136,1925
1925,1925
1925,1925
1925,1925
1925,1925
1925,1925
1925,1925
48,1925
71,1925
180,1925
182,1925
38,1925
92,1925
19,1925
51,1925
52,1925
9,1925
1925,1925
1925,1925
1925,1925
19,1925
1925,1925
109,1925
40,1925
7,1925
1925,1925
95,1925
16,1925
1925,1925
15,1925
13,1925
1925,1925
12,1925
6,1925
20,1925
1925,1925
25,1925
1925,1925
1,1925
124,1925
1925,1925
15,1925
51,1925
67,1925
73,1925
40,1925
1925,1925
1925,1925
69,1925
10,1925
1925,1925
10,1925
10,1925
238,1925
141,1925
20,1925
55,1925
2,1925
7,1925
20,1925
105,1925
1925,1925
5,1925
83,1925
11,1925
60,1925
31,1925
29,1925
33,1925
23,1925
1925,1925
8,1925
1925,1925
29,1925
1925,1925
92,1925
71,1925
1925,1925
42,1925
34,1925
6,1925
88,1925
45,1925
420,420
10,420
420,420
420,420
420,420
5,420
6,420
420,420
1,420
420,420
7,420
420,420
420,420
6,420
420,420
4,420
420,420
0,420
9,420
420,420
12,420
420,420
1,420
13,420
10,420
420,420
420,420
5,420
420,420
420,420
420,420
420,420
420,420
10,420
4,420
420,420
19,420
3,420
10,420
0,420
7,420
420,420
420,420
420,420
10,420
420,420
21,420
420,420
420,420
9,420
9,420
420,420
420,420
10,420
420,420
420,420
16,420
2,420
420,420
12,420
7,420
420,420
1,420
4,420
420,420
420,420
9,420
420,420
4,420
13,420
11,420
420,420
3,420
420,420
0,420
420,420
1,420
420,420
420,420
1,420
9,420
18,420
420,420
420,420
5,420
3,420
12,420
4,420
420,420
16,420
4,420
0,420
420,420
420,420
0,420
5,420
420,420
23,420
4,420
26,420
3,630
630,630
630,630
8,630
9,630
24,630
630,630
1,630
22,630
1,630
630,630
7,630
630,630
630,630
630,630
630,630
630,630
630,630
630,630
630,630
630,630
1,630
2,630
630,630
630,630
8,630
630,630
9,630
14,630
11,630
2,630
630,630
17,630
2,630
28,630
1,630
630,630
630,630
630,630
17,630
630,630
11,630
630,630
7,630
630,630
10,630
0,630
5,630
3,630
630,630
630,630
630,630
31,630
630,630
5,630
630,630
630,630
630,630
14,630
12,630
8,630
11,630
630,630
5,630
0,630
630,630
7,630
8,630
19,630
21,630
630,630
51,630
630,630
0,630
630,630
0,630
30,630
3,630
28,630
5,630
630,630
630,630
23,630
630,630
3,630
11,630
630,630
1,630
630,630
8,630
30,630
6,630
1,630
24,630
5,630
630,630
4,630
5,630
19,630
0,630
840,840
17,840
840,840
840,840
5,840
840,840
3,840
21,840
19,840
35,840
840,840
28,840
9,840
3,840
2,840
14,840
840,840
840,840
35,840
840,840
29,840
56,840
840,840
12,840
840,840
11,840
2,840
4,840
840,840
5,840
7,840
2,840
33,840
13,840
840,840
26,840
840,840
16,840
46,840
5,840
840,840
2,840
840,840
31,840
34,840
840,840
23,840
840,840
4,840
840,840
9,840
840,840
840,840
24,840
60,840
12,840
4,840
840,840
21,840
840,840
840,840
18,840
9,840
30,840
840,840
14,840
840,840
29,840
22,840
840,840
20,840
21,840
3,840
3,840
4,840
7,840
840,840
840,840
2,840
37,840
9,840
23,840
840,840
840,840
4,840
3,840
840,840
840,840
8,840
840,840
10,840
840,840
3,840
13,840
840,840
840,840
5,840
13,840
19,840
12,840
41,1050
12,1050
34,1050
0,1050
44,1050
35,1050
1050,1050
4,1050
77,1050
64,1050
1050,1050
7,1050
4,1050
9,1050
3,1050
10,1050
1050,1050
35,1050
9,1050
0,1050
110,1050
3,1050
7,1050
5,1050
20,1050
23,1050
3,1050
3,1050
8,1050
20,1050
1050,1050
56,1050
56,1050
25,1050
27,1050
13,1050
12,1050
1050,1050
1050,1050
29,1050
9,1050
2,1050
1050,1050
5,1050
0,1050
69,1050
5,1050
1050,1050
1050,1050
35,1050
1050,1050
34,1050
4,1050
58,1050
96,1050
1050,1050
9,1050
19,1050
54,1050
2,1050
15,1050
13,1050
51,1050
28,1050
25,1050
53,1050
6,1050
4,1050
2,1050
1,1050
30,1050
8,1050
31,1050
34,1050
13,1050
79,1050
1050,1050
16,1050
2,1050
45,1050
34,1050
1050,1050
9,1050
33,1050
3,1050
44,1050
3,1050
69,1050
33,1050
2,1050
9,1050
10,1050
3,1050
11,1050
14,1050
9,1050
6,1050
1050,1050
20,1050
73,1050
82,1260
8,1260
35,1260
0,1260
21,1260
45,1260
1260,1260
6,1260
6,1260
1260,1260
26,1260
21,1260
1260,1260
6,1260
33,1260
33,1260
7,1260
60,1260
1260,1260
1260,1260
1260,1260
8,1260
4,1260
56,1260
11,1260
1260,1260
1260,1260
46,1260
55,1260
6,1260
9,1260
2,1260
88,1260
97,1260
173,1260
1260,1260
0,1260
9,1260
156,1260
26,1260
57,1260
1260,1260
4,1260
58,1260
1260,1260
3,1260
70,1260
14,1260
13,1260
8,1260
1260,1260
16,1260
1260,1260
21,1260
38,1260
1260,1260
48,1260
27,1260
1260,1260
12,1260
45,1260
19,1260
9,1260
1260,1260
8,1260
52,1260
25,1260
9,1260
30,1260
16,1260
236,1260
56,1260
5,1260
9,1260
18,1260
1260,1260
23,1260
7,1260
29,1260
1260,1260
43,1260
1260,1260
72,1260
1260,1260
79,1260
4,1260
1260,1260
12,1260
1260,1260
1260,1260
66,1260
5,1260
34,1260
21,1260
1260,1260
10,1260
1260,1260
1260,1260
5,1260
1260,1260
31,1470
65,1470
3,1470
35,1470
47,1470
42,1470
1470,1470
1470,1470
6,1470
25,1470
19,1470
1470,1470
4,1470
11,1470
52,1470
1,1470
25,1470
9,1470
55,1470
33,1470
8,1470
3,1470
2,1470
8,1470
3,1470
1470,1470
10,1470
102,1470
11,1470
1,1470
1,1470
1470,1470
14,1470
44,1470
12,1470
18,1470
162,1470
11,1470
4,1470
27,1470
1470,1470
1470,1470
1470,1470
30,1470
24,1470
1470,1470
43,1470
1470,1470
162,1470
17,1470
12,1470
70,1470
67,1470
2,1470
25,1470
65,1470
254,1470
38,1470
17,1470
29,1470
35,1470
1470,1470
15,1470
1470,1470
22,1470
7,1470
100,1470
5,1470
108,1470
14,1470
13,1470
24,1470
7,1470
1470,1470
1470,1470
37,1470
25,1470
1470,1470
1470,1470
1470,1470
38,1470
44,1470
88,1470
52,1470
10,1470
17,1470
68,1470
75,1470
103,1470
8,1470
16,1470
1470,1470
1470,1470
42,1470
6,1470
1470,1470
1470,1470
1470,1470
21,1470
171,1470
22,1680
27,1680
1680,1680
45,1680
40,1680
56,1680
4,1680
34,1680
1680,1680
1680,1680
23,1680
18,1680
6,1680
1680,1680
6,1680
43,1680
1680,1680
20,1680
1680,1680
6,1680
123,1680
34,1680
23,1680
35,1680
5,1680
58,1680
21,1680
34,1680
1680,1680
170,1680
1680,1680
9,1680
14,1680
1680,1680
21,1680
18,1680
89,1680
52,1680
32,1680
1680,1680
36,1680
32,1680
23,1680
1680,1680
1680,1680
3,1680
32,1680
1680,1680
1,1680
1680,1680
100,1680
0,1680
114,1680
1680,1680
13,1680
19,1680
22,1680
1680,1680
56,1680
24,1680
38,1680
30,1680
58,1680
36,1680
47,1680
5,1680
15,1680
36,1680
22,1680
21,1680
185,1680
11,1680
1680,1680
81,1680
13,1680
4,1680
1680,1680
1680,1680
44,1680
1680,1680
1680,1680
10,1680
85,1680
1680,1680
1680,1680
89,1680
35,1680
17,1680
2,1680
24,1680
101,1680
36,1680
1680,1680
35,1680
1680,1680
0,1680
143,1680
29,1680
6,1680
4,1680
14,1890
57,1890
5,1890
84,1890
18,1890
110,1890
1890,1890
13,1890
236,1890
17,1890
1890,1890
20,1890
20,1890
1890,1890
10,1890
30,1890
1890,1890
1890,1890
10,1890
14,1890
1890,1890
70,1890
1890,1890
3,1890
1890,1890
1890,1890
1890,1890
9,1890
15,1890
1890,1890
17,1890
1890,1890
60,1890
39,1890
46,1890
1890,1890
1890,1890
1890,1890
1890,1890
1890,1890
55,1890
42,1890
49,1890
1890,1890
20,1890
0,1890
80,1890
18,1890
16,1890
1890,1890
1890,1890
1890,1890
3,1890
2,1890
35,1890
29,1890
3,1890
1890,1890
20,1890
34,1890
34,1890
66,1890
58,1890
50,1890
53,1890
10,1890
65,1890
31,1890
1890,1890
35,1890
31,1890
46,1890
1890,1890
13,1890
54,1890
51,1890
14,1890
37,1890
17,1890
22,1890
19,1890
5,1890
1890,1890
19,1890
104,1890
63,1890
93,1890
51,1890
49,1890
1890,1890
1890,1890
37,1890
12,1890
30,1890
20,1890
40,1890
84,1890
3,1890
2,1890
1890,1890
70,2100
62,2100
170,2100
5,2100
2100,2100
76,2100
2100,2100
10,2100
2100,2100
28,2100
13,2100
68,2100
61,2100
2100,2100
33,2100
31,2100
106,2100
65,2100
185,2100
26,2100
37,2100
69,2100
137,2100
73,2100
2100,2100
45,2100
12,2100
2,2100
24,2100
2100,2100
2100,2100
2100,2100
78,2100
81,2100
2100,2100
111,2100
4,2100
16,2100
61,2100
0,2100
50,2100
6,2100
56,2100
61,2100
33,2100
2100,2100
32,2100
51,2100
55,2100
36,2100
9,2100
39,2100
2100,2100
2100,2100
165,2100
61,2100
85,2100
75,2100
15,2100
12,2100
10,2100
2100,2100
33,2100
98,2100
1,2100
56,2100
310,2100
70,2100
18,2100
16,2100
10,2100
2,2100
8,2100
44,2100
39,2100
139,2100
2100,2100
145,2100
2100,2100
46,2100
13,2100
196,2100
2100,2100
2100,2100
34,2100
48,2100
2100,2100
2100,2100
2100,2100
16,2100
11,2100
50,2100
90,2100
2100,2100
128,2100
2100,2100
2100,2100
27,2100
31,2100
69,2100
107,2310
54,2310
87,2310
8,2310
14,2310
43,2310
86,2310
11,2310
58,2310
24,2310
15,2310
98,2310
102,2310
2310,2310
2310,2310
19,2310
2310,2310
2310,2310
51,2310
2310,2310
2310,2310
2310,2310
64,2310
65,2310
35,2310
2310,2310
78,2310
75,2310
35,2310
2310,2310
35,2310
2310,2310
27,2310
36,2310
2310,2310
143,2310
47,2310
2310,2310
9,2310
25,2310
16,2310
75,2310
98,2310
110,2310
49,2310
32,2310
8,2310
2310,2310
128,2310
30,2310
46,2310
6,2310
108,2310
0,2310
9,2310
10,2310
39,2310
22,2310
22,2310
2310,2310
37,2310
14,2310
13,2310
43,2310
37,2310
4,2310
124,2310
44,2310
2310,2310
43,2310
15,2310
52,2310
2310,2310
13,2310
62,2310
22,2310
32,2310
107,2310
192,2310
66,2310
2310,2310
1,2310
54,2310
61,2310
54,2310
2310,2310
2310,2310
57,2310
2310,2310
39,2310
136,2310
56,2310
50,2310
15,2310
4,2310
58,2310
24,2310
1,2310
167,2310
32,2310
3,490
2,490
490,490
490,490
25,490
490,490
8,490
0,490
490,490
25,490
19,490
14,490
0,490
490,490
490,490
490,490
3,490
490,490
17,490
490,490
490,490
0,490
23,490
490,490
490,490
490,490
490,490
490,490
490,490
41,490
32,490
490,490
490,490
490,490
490,490
490,490
490,490
1,490
490,490
21,490
490,490
9,490
3,490
2,490
490,490
490,490
13,490
490,490
1,490
490,490
27,490
490,490
490,490
490,490
490,490
490,490
20,490
490,490
490,490
4,490
1,490
490,490
490,490
14,490
10,490
490,490
490,490
490,490
490,490
490,490
17,490
490,490
490,490
490,490
3,490
47,490
490,490
31,490
490,490
490,490
490,490
5,490
10,490
3,490
490,490
490,490
3,490
490,490
10,490
490,490
9,490
490,490
490,490
9,490
1,490
490,490
10,490
1,490
490,490
490,490
16,735
735,735
735,735
735,735
735,735
735,735
22,735
15,735
7,735
735,735
3,735
735,735
735,735
25,735
735,735
0,735
4,735
735,735
735,735
6,735
735,735
11,735
735,735
5,735
9,735
40,735
735,735
735,735
735,735
5,735
11,735
735,735
735,735
7,735
21,735
8,735
3,735
735,735
14,735
18,735
735,735
6,735
735,735
735,735
5,735
69,735
11,735
18,735
1,735
1,735
0,735
13,735
8,735
28,735
735,735
8,735
735,735
11,735
24,735
735,735
735,735
26,735
735,735
735,735
11,735
18,735
8,735
6,735
7,735
735,735
38,735
735,735
735,735
735,735
735,735
735,735
7,735
735,735
20,735
735,735
0,735
17,735
735,735
2,735
735,735
9,735
10,735
6,735
735,735
735,735
735,735
0,735
735,735
12,735
735,735
735,735
735,735
1,735
0,735
37,735
5,980
13,980
980,980
980,980
980,980
5,980
980,980
7,980
27,980
1,980
980,980
52,980
21,980
3,980
12,980
37,980
8,980
4,980
20,980
30,980
3,980
40,980
88,980
25,980
980,980
0,980
0,980
980,980
7,980
980,980
980,980
10,980
12,980
31,980
38,980
45,980
980,980
7,980
980,980
38,980
3,980
980,980
21,980
12,980
32,980
12,980
35,980
40,980
980,980
9,980
980,980
980,980
13,980
12,980
31,980
3,980
980,980
77,980
5,980
2,980
1,980
22,980
980,980
44,980
980,980
2,980
36,980
13,980
50,980
12,980
0,980
5,980
21,980
72,980
4,980
75,980
15,980
34,980
17,980
20,980
38,980
8,980
980,980
4,980
980,980
980,980
17,980
980,980
980,980
22,980
22,980
84,980
29,980
12,980
4,980
24,980
52,980
0,980
980,980
11,980
1225,1225
14,1225
1225,1225
1225,1225
2,1225
1225,1225
18,1225
1225,1225
1225,1225
1225,1225
38,1225
36,1225
19,1225
1225,1225
2,1225
1225,1225
18,1225
11,1225
1225,1225
1225,1225
1225,1225
0,1225
1225,1225
2,1225
10,1225
34,1225
1225,1225
1225,1225
5,1225
5,1225
55,1225
1225,1225
8,1225
34,1225
59,1225
27,1225
1225,1225
39,1225
9,1225
27,1225
1225,1225
48,1225
16,1225
1225,1225
26,1225
21,1225
25,1225
10,1225
1225,1225
2,1225
49,1225
1225,1225
2,1225
1225,1225
97,1225
6,1225
73,1225
1225,1225
14,1225
3,1225
19,1225
6,1225
1225,1225
10,1225
1,1225
18,1225
8,1225
1225,1225
1225,1225
1225,1225
16,1225
35,1225
27,1225
32,1225
1225,1225
1225,1225
36,1225
11,1225
1225,1225
44,1225
1225,1225
1225,1225
31,1225
0,1225
14,1225
1225,1225
15,1225
2,1225
1225,1225
1225,1225
20,1225
28,1225
34,1225
2,1225
16,1225
20,1225
0,1225
26,1225
78,1225
4,1225
21,1470
1470,1470
24,1470
10,1470
39,1470
17,1470
39,1470
22,1470
9,1470
5,1470
59,1470
1470,1470
17,1470
21,1470
33,1470
1470,1470
1470,1470
73,1470
1470,1470
15,1470
9,1470
26,1470
3,1470
1470,1470
14,1470
54,1470
40,1470
1470,1470
25,1470
34,1470
3,1470
26,1470
41,1470
9,1470
1470,1470
15,1470
1470,1470
12,1470
38,1470
1470,1470
39,1470
47,1470
46,1470
1470,1470
28,1470
96,1470
46,1470
19,1470
1470,1470
5,1470
68,1470
14,1470
1470,1470
1,1470
15,1470
1470,1470
24,1470
26,1470
33,1470
121,1470
42,1470
1470,1470
1470,1470
7,1470
1470,1470
24,1470
1470,1470
29,1470
9,1470
1470,1470
9,1470
1470,1470
30,1470
1470,1470
1470,1470
1470,1470
17,1470
13,1470
1470,1470
87,1470
5,1470
42,1470
1,1470
5,1470
5,1470
1470,1470
8,1470
100,1470
47,1470
23,1470
60,1470
81,1470
61,1470
117,1470
98,1470
42,1470
1470,1470
4,1470
1470,1470
126,1470
4,1715
20,1715
1715,1715
1715,1715
1715,1715
100,1715
1715,1715
8,1715
44,1715
0,1715
18,1715
1715,1715
1715,1715
27,1715
19,1715
26,1715
1,1715
1715,1715
15,1715
43,1715
1715,1715
32,1715
49,1715
20,1715
33,1715
1715,1715
85,1715
36,1715
3,1715
24,1715
59,1715
1715,1715
52,1715
9,1715
211,1715
30,1715
10,1715
31,1715
17,1715
13,1715
13,1715
2,1715
116,1715
84,1715
38,1715
26,1715
1715,1715
1715,1715
100,1715
7,1715
59,1715
36,1715
23,1715
1715,1715
19,1715
29,1715
36,1715
100,1715
47,1715
92,1715
1715,1715
27,1715
20,1715
27,1715
2,1715
1,1715
16,1715
10,1715
12,1715
1715,1715
0,1715
1715,1715
4,1715
10,1715
34,1715
7,1715
37,1715
56,1715
67,1715
20,1715
1715,1715
41,1715
22,1715
1715,1715
1715,1715
7,1715
20,1715
1715,1715
37,1715
32,1715
3,1715
40,1715
45,1715
1715,1715
28,1715
73,1715
7,1715
133,1715
1715,1715
11,1715
1960,1960
1960,1960
1960,1960
1960,1960
112,1960
23,1960
79,1960
1960,1960
1960,1960
64,1960
8,1960
59,1960
4,1960
1960,1960
66,1960
1960,1960
110,1960
1960,1960
72,1960
162,1960
1960,1960
43,1960
1960,1960
1960,1960
16,1960
1,1960
196,1960
1960,1960
19,1960
69,1960
0,1960
14,1960
47,1960
67,1960
1960,1960
72,1960
32,1960
137,1960
141,1960
81,1960
28,1960
99,1960
62,1960
1960,1960
1960,1960
94,1960
1960,1960
25,1960
8,1960
1960,1960
27,1960
12,1960
1960,1960
40,1960
9,1960
10,1960
32,1960
78,1960
9,1960
1960,1960
1960,1960
6,1960
11,1960
37,1960
1960,1960
26,1960
1960,1960
52,1960
1960,1960
1960,1960
1960,1960
13,1960
22,1960
40,1960
28,1960
24,1960
26,1960
1960,1960
99,1960
10,1960
24,1960
85,1960
1960,1960
1960,1960
38,1960
30,1960
1960,1960
15,1960
13,1960
15,1960
1960,1960
1960,1960
1960,1960
50,1960
1960,1960
14,1960
1960,1960
26,1960
70,1960
7,1960
45,2205
8,2205
6,2205
117,2205
39,2205
22,2205
49,2205
1,2205
14,2205
55,2205
2205,2205
108,2205
14,2205
99,2205
12,2205
9,2205
54,2205
12,2205
25,2205
23,2205
42,2205
49,2205
43,2205
13,2205
161,2205
94,2205
166,2205
72,2205
2205,2205
136,2205
46,2205
410,2205
78,2205
80,2205
41,2205
37,2205
2205,2205
0,2205
104,2205
132,2205
2205,2205
72,2205
2205,2205
0,2205
106,2205
2205,2205
10,2205
28,2205
52,2205
52,2205
2205,2205
30,2205
96,2205
2205,2205
49,2205
16,2205
26,2205
198,2205
10,2205
2205,2205
2205,2205
12,2205
246,2205
35,2205
154,2205
60,2205
60,2205
2205,2205
9,2205
13,2205
12,2205
4,2205
191,2205
13,2205
5,2205
97,2205
17,2205
2205,2205
2205,2205
78,2205
0,2205
117,2205
2205,2205
26,2205
94,2205
2205,2205
19,2205
15,2205
52,2205
18,2205
46,2205
40,2205
64,2205
0,2205
5,2205
67,2205
99,2205
155,2205
4,2205
147,2205
69,2450
75,2450
95,2450
125,2450
194,2450
231,2450
2450,2450
89,2450
7,2450
60,2450
55,2450
2450,2450
36,2450
287,2450
2450,2450
67,2450
19,2450
221,2450
27,2450
61,2450
6,2450
2450,2450
239,2450
45,2450
175,2450
29,2450
2450,2450
2450,2450
147,2450
76,2450
74,2450
14,2450
40,2450
18,2450
2450,2450
65,2450
25,2450
44,2450
10,2450
2450,2450
7,2450
177,2450
2450,2450
2450,2450
177,2450
24,2450
87,2450
16,2450
100,2450
286,2450
36,2450
41,2450
48,2450
2450,2450
2450,2450
54,2450
12,2450
33,2450
221,2450
2450,2450
2450,2450
2450,2450
337,2450
425,2450
116,2450
13,2450
6,2450
38,2450
11,2450
107,2450
41,2450
6,2450
4,2450
140,2450
109,2450
2450,2450
34,2450
0,2450
10,2450
2450,2450
42,2450
62,2450
2450,2450
2450,2450
17,2450
41,2450
69,2450
38,2450
2450,2450
193,2450
2450,2450
67,2450
38,2450
26,2450
2450,2450
92,2450
2450,2450
2450,2450
29,2450
69,2450
54,2695
2695,2695
130,2695
26,2695
85,2695
42,2695
2695,2695
2695,2695
45,2695
87,2695
2695,2695
206,2695
23,2695
2695,2695
110,2695
27,2695
100,2695
25,2695
163,2695
2695,2695
144,2695
2695,2695
51,2695
137,2695
229,2695
111,2695
90,2695
249,2695
130,2695
9,2695
58,2695
61,2695
2695,2695
38,2695
27,2695
2695,2695
59,2695
15,2695
2695,2695
13,2695
32,2695
41,2695
35,2695
70,2695
2695,2695
11,2695
90,2695
27,2695
32,2695
75,2695
55,2695
9,2695
19,2695
5,2695
31,2695
5,2695
109,2695
16,2695
2,2695
53,2695
2695,2695
19,2695
22,2695
15,2695
13,2695
144,2695
120,2695
19,2695
11,2695
38,2695
2695,2695
55,2695
37,2695
66,2695
2695,2695
2695,2695
31,2695
2695,2695
33,2695
44,2695
83,2695
132,2695
293,2695
6,2695
288,2695
139,2695
2695,2695
62,2695
2695,2695
21,2695
74,2695
17,2695
87,2695
22,2695
35,2695
190,2695
19,2695
2695,2695
67,2695
50,2695
560,560
560,560
560,560
560,560
560,560
7,560
560,560
7,560
14,560
560,560
560,560
0,560
1,560
18,560
21,560
560,560
560,560
560,560
560,560
560,560
560,560
560,560
560,560
9,560
560,560
33,560
560,560
560,560
28,560
560,560
2,560
7,560
2,560
560,560
560,560
5,560
5,560
560,560
560,560
560,560
560,560
1,560
15,560
1,560
0,560
21,560
560,560
0,560
27,560
1,560
560,560
560,560
8,560
2,560
560,560
3,560
560,560
560,560
3,560
560,560
560,560
0,560
560,560
560,560
560,560
0,560
16,560
560,560
560,560
0,560
9,560
13,560
560,560
29,560
25,560
22,560
560,560
560,560
48,560
560,560
560,560
560,560
560,560
560,560
560,560
560,560
560,560
560,560
560,560
560,560
6,560
20,560
560,560
15,560
0,560
14,560
9,560
14,560
29,560
0,560
840,840
840,840
33,840
46,840
6,840
38,840
17,840
840,840
7,840
8,840
12,840
840,840
39,840
2,840
2,840
1,840
27,840
840,840
28,840
840,840
4,840
840,840
840,840
840,840
840,840
7,840
28,840
840,840
1,840
840,840
7,840
6,840
0,840
44,840
840,840
25,840
5,840
22,840
53,840
18,840
840,840
8,840
840,840
840,840
1,840
840,840
53,840
17,840
840,840
18,840
15,840
36,840
4,840
47,840
30,840
7,840
27,840
5,840
840,840
0,840
2,840
840,840
11,840
23,840
840,840
5,840
1,840
2,840
840,840
16,840
840,840
13,840
840,840
73,840
48,840
5,840
840,840
11,840
3,840
840,840
840,840
840,840
6,840
8,840
840,840
840,840
6,840
9,840
840,840
11,840
24,840
18,840
840,840
840,840
840,840
840,840
14,840
0,840
27,840
840,840
1120,1120
1120,1120
1120,1120
24,1120
1120,1120
1,1120
36,1120
25,1120
1120,1120
18,1120
14,1120
1120,1120
59,1120
0,1120
27,1120
1120,1120
8,1120
27,1120
5,1120
3,1120
9,1120
8,1120
1120,1120
25,1120
42,1120
26,1120
82,1120
7,1120
63,1120
1120,1120
2,1120
9,1120
1120,1120
1120,1120
1120,1120
24,1120
1120,1120
36,1120
4,1120
6,1120
1120,1120
56,1120
30,1120
1120,1120
1120,1120
5,1120
22,1120
26,1120
0,1120
70,1120
39,1120
1120,1120
48,1120
16,1120
18,1120
19,1120
1120,1120
1120,1120
15,1120
1120,1120
39,1120
53,1120
19,1120
23,1120
59,1120
0,1120
4,1120
1120,1120
1120,1120
25,1120
0,1120
0,1120
1120,1120
17,1120
0,1120
33,1120
1120,1120
20,1120
0,1120
1120,1120
1120,1120
23,1120
1120,1120
1120,1120
1120,1120
83,1120
34,1120
24,1120
23,1120
1120,1120
46,1120
7,1120
13,1120
1120,1120
1120,1120
1,1120
1120,1120
13,1120
16,1120
9,1120
67,1400
57,1400
47,1400
24,1400
87,1400
2,1400
109,1400
1400,1400
1400,1400
1,1400
1400,1400
16,1400
5,1400
87,1400
11,1400
34,1400
1400,1400
1400,1400
54,1400
9,1400
1400,1400
1400,1400
28,1400
4,1400
26,1400
46,1400
2,1400
5,1400
25,1400
1400,1400
79,1400
45,1400
19,1400
11,1400
17,1400
1400,1400
55,1400
1400,1400
4,1400
34,1400
11,1400
1400,1400
20,1400
48,1400
11,1400
43,1400
16,1400
25,1400
66,1400
1400,1400
81,1400
28,1400
14,1400
47,1400
1400,1400
10,1400
1400,1400
37,1400
1400,1400
7,1400
25,1400
116,1400
92,1400
8,1400
1400,1400
57,1400
1400,1400
12,1400
122,1400
14,1400
64,1400
1400,1400
1400,1400
6,1400
1400,1400
0,1400
6,1400
47,1400
13,1400
119,1400
36,1400
25,1400
0,1400
1400,1400
4,1400
1400,1400
140,1400
26,1400
1400,1400
47,1400
55,1400
1400,1400
33,1400
28,1400
36,1400
42,1400
1400,1400
66,1400
6,1400
1400,1400
1680,1680
28,1680
1680,1680
94,1680
27,1680
21,1680
1680,1680
1680,1680
10,1680
8,1680
7,1680
1680,1680
1680,1680
200,1680
46,1680
29,1680
30,1680
1680,1680
23,1680
1680,1680
1680,1680
35,1680
36,1680
1680,1680
1680,1680
0,1680
12,1680
77,1680
19,1680
1680,1680
30,1680
138,1680
32,1680
21,1680
77,1680
1,1680
10,1680
45,1680
1680,1680
27,1680
23,1680
103,1680
64,1680
30,1680
5,1680
36,1680
1680,1680
139,1680
37,1680
1680,1680
90,1680
7,1680
7,1680
7,1680
10,1680
137,1680
24,1680
22,1680
12,1680
38,1680
2,1680
31,1680
6,1680
27,1680
7,1680
61,1680
1,1680
80,1680
1680,1680
116,1680
1680,1680
1680,1680
1680,1680
74,1680
3,1680
54,1680
129,1680
19,1680
21,1680
121,1680
1680,1680
55,1680
55,1680
1680,1680
1680,1680
1680,1680
22,1680
7,1680
1680,1680
14,1680
11,1680
1680,1680
84,1680
1680,1680
1,1680
1680,1680
1680,1680
1680,1680
8,1680
135,1680
41,1960
40,1960
56,1960
10,1960
35,1960
198,1960
48,1960
72,1960
33,1960
1,1960
24,1960
4,1960
62,1960
81,1960
7,1960
1960,1960
18,1960
7,1960
1960,1960
0,1960
105,1960
6,1960
1960,1960
9,1960
6,1960
1960,1960
38,1960
1960,1960
1960,1960
23,1960
45,1960
1960,1960
7,1960
12,1960
11,1960
19,1960
31,1960
33,1960
11,1960
1960,1960
1960,1960
10,1960
164,1960
79,1960
46,1960
1960,1960
1960,1960
1960,1960
1960,1960
42,1960
62,1960
23,1960
1960,1960
162,1960
73,1960
72,1960
44,1960
25,1960
8,1960
19,1960
6,1960
1960,1960
8,1960
1,1960
1960,1960
30,1960
75,1960
54,1960
1960,1960
1960,1960
64,1960
51,1960
1960,1960
0,1960
1960,1960
33,1960
65,1960
18,1960
100,1960
58,1960
21,1960
36,1960
15,1960
33,1960
65,1960
51,1960
0,1960
1,1960
1960,1960
36,1960
15,1960
1960,1960
45,1960
1960,1960
25,1960
12,1960
28,1960
1960,1960
28,1960
11,1960
2240,2240
9,2240
2240,2240
2240,2240
88,2240
73,2240
2240,2240
57,2240
5,2240
2240,2240
2240,2240
31,2240
95,2240
20,2240
39,2240
2240,2240
125,2240
92,2240
15,2240
76,2240
4,2240
19,2240
107,2240
144,2240
36,2240
61,2240
9,2240
19,2240
75,2240
17,2240
2240,2240
67,2240
2240,2240
2,2240
34,2240
33,2240
28,2240
158,2240
14,2240
89,2240
44,2240
2240,2240
77,2240
67,2240
19,2240
347,2240
9,2240
107,2240
4,2240
18,2240
7,2240
103,2240
7,2240
288,2240
10,2240
2240,2240
81,2240
65,2240
37,2240
71,2240
2240,2240
2,2240
2240,2240
34,2240
136,2240
26,2240
2240,2240
2,2240
2240,2240
12,2240
22,2240
52,2240
191,2240
103,2240
145,2240
122,2240
2240,2240
2240,2240
8,2240
14,2240
24,2240
33,2240
10,2240
2240,2240
26,2240
58,2240
2240,2240
24,2240
58,2240
6,2240
2240,2240
127,2240
33,2240
2240,2240
1,2240
83,2240
13,2240
31,2240
46,2240
61,2240
1,2520
30,2520
17,2520
15,2520
96,2520
2520,2520
112,2520
14,2520
15,2520
2520,2520
190,2520
25,2520
110,2520
13,2520
2520,2520
20,2520
2520,2520
4,2520
2520,2520
41,2520
50,2520
36,2520
3,2520
13,2520
3,2520
79,2520
46,2520
139,2520
45,2520
2520,2520
50,2520
16,2520
8,2520
2520,2520
1,2520
2520,2520
43,2520
47,2520
96,2520
41,2520
28,2520
2520,2520
2520,2520
10,2520
1,2520
1,2520
9,2520
15,2520
53,2520
161,2520
2520,2520
106,2520
2520,2520
40,2520
51,2520
2520,2520
2520,2520
170,2520
29,2520
42,2520
62,2520
35,2520
2520,2520
71,2520
1,2520
2520,2520
2520,2520
2520,2520
7,2520
2520,2520
2520,2520
6,2520
7,2520
2520,2520
129,2520
81,2520
7,2520
29,2520
86,2520
15,2520
116,2520
33,2520
73,2520
3,2520
49,2520
53,2520
109,2520
17,2520
10,2520
6,2520
2520,2520
14,2520
52,2520
32,2520
19,2520
105,2520
21,2520
70,2520
43,2520
2520,2520
82,2800
51,2800
37,2800
18,2800
46,2800
17,2800
40,2800
31,2800
11,2800
1,2800
31,2800
170,2800
34,2800
111,2800
156,2800
53,2800
42,2800
122,2800
79,2800
74,2800
179,2800
0,2800
17,2800
2800,2800
29,2800
2800,2800
2800,2800
97,2800
77,2800
2800,2800
113,2800
2800,2800
131,2800
145,2800
94,2800
146,2800
5,2800
86,2800
138,2800
8,2800
126,2800
8,2800
49,2800
76,2800
98,2800
2800,2800
2800,2800
40,2800
137,2800
41,2800
2800,2800
129,2800
46,2800
54,2800
2800,2800
2800,2800
140,2800
53,2800
2800,2800
80,2800
24,2800
83,2800
29,2800
98,2800
137,2800
13,2800
2800,2800
2800,2800
2800,2800
2800,2800
195,2800
57,2800
49,2800
83,2800
2,2800
39,2800
19,2800
96,2800
57,2800
2,2800
44,2800
1,2800
21,2800
17,2800
31,2800
16,2800
64,2800
2800,2800
46,2800
1,2800
98,2800
15,2800
6,2800
85,2800
181,2800
2800,2800
7,2800
0,2800
39,2800
13,2800
42,3080
3080,3080
40,3080
35,3080
51,3080
3080,3080
59,3080
24,3080
3080,3080
46,3080
286,3080
3080,3080
3080,3080
54,3080
34,3080
18,3080
73,3080
113,3080
3080,3080
0,3080
91,3080
174,3080
164,3080
87,3080
16,3080
3080,3080
78,3080
3080,3080
89,3080
73,3080
2,3080
86,3080
93,3080
23,3080
45,3080
97,3080
77,3080
40,3080
8,3080
69,3080
292,3080
51,3080
27,3080
60,3080
3080,3080
25,3080
112,3080
3080,3080
45,3080
15,3080
7,3080
1,3080
41,3080
104,3080
31,3080
37,3080
67,3080
3080,3080
89,3080
204,3080
127,3080
16,3080
67,3080
0,3080
23,3080
35,3080
318,3080
3080,3080
55,3080
101,3080
58,3080
24,3080
24,3080
6,3080
124,3080
95,3080
1,3080
213,3080
27,3080
99,3080
42,3080
420,3080
3080,3080
226,3080
116,3080
85,3080
117,3080
3080,3080
67,3080
11,3080
36,3080
36,3080
57,3080
31,3080
3080,3080
65,3080
3080,3080
55,3080
106,3080
12,3080
3,630
4,630
0,630
630,630
630,630
74,630
3,630
16,630
630,630
630,630
3,630
3,630
630,630
7,630
630,630
6,630
29,630
13,630
630,630
630,630
49,630
0,630
630,630
630,630
1,630
0,630
630,630
12,630
630,630
13,630
630,630
42,630
2,630
630,630
630,630
1,630
630,630
0,630
0,630
5,630
630,630
23,630
25,630
3,630
630,630
4,630
2,630
630,630
1,630
2,630
630,630
33,630
0,630
9,630
630,630
4,630
6,630
630,630
630,630
630,630
1,630
630,630
0,630
15,630
2,630
1,630
630,630
630,630
4,630
630,630
1,630
630,630
20,630
630,630
630,630
10,630
6,630
13,630
630,630
630,630
630,630
630,630
7,630
630,630
630,630
13,630
630,630
630,630
630,630
0,630
630,630
15,630
0,630
630,630
630,630
630,630
7,630
630,630
630,630
33,630
945,945
945,945
945,945
1,945
137,945
94,945
16,945
945,945
35,945
0,945
8,945
21,945
65,945
5,945
945,945
17,945
945,945
945,945
21,945
27,945
945,945
6,945
945,945
6,945
3,945
25,945
945,945
66,945
945,945
945,945
20,945
945,945
35,945
21,945
945,945
945,945
43,945
945,945
12,945
31,945
945,945
9,945
945,945
1,945
945,945
8,945
47,945
945,945
945,945
945,945
1,945
6,945
945,945
945,945
945,945
945,945
5,945
0,945
945,945
19,945
6,945
945,945
15,945
25,945
1,945
0,945
945,945
7,945
7,945
25,945
10,945
945,945
51,945
41,945
945,945
945,945
945,945
53,945
4,945
106,945
945,945
945,945
35,945
24,945
0,945
55,945
16,945
3,945
4,945
945,945
945,945
9,945
4,945
945,945
12,945
9,945
945,945
945,945
8,945
945,945
12,1260
9,1260
26,1260
25,1260
1260,1260
35,1260
43,1260
1,1260
13,1260
1260,1260
43,1260
37,1260
8,1260
38,1260
3,1260
38,1260
1260,1260
38,1260
16,1260
69,1260
1,1260
38,1260
27,1260
19,1260
5,1260
1260,1260
21,1260
1260,1260
33,1260
14,1260
13,1260
44,1260
1260,1260
22,1260
8,1260
66,1260
26,1260
33,1260
38,1260
6,1260
1260,1260
5,1260
3,1260
47,1260
1260,1260
13,1260
1260,1260
1260,1260
11,1260
6,1260
1260,1260
1260,1260
1260,1260
0,1260
19,1260
1260,1260
5,1260
43,1260
1260,1260
43,1260
7,1260
42,1260
45,1260
17,1260
105,1260
140,1260
1260,1260
34,1260
1260,1260
1260,1260
6,1260
1260,1260
15,1260
81,1260
1260,1260
7,1260
65,1260
27,1260
12,1260
42,1260
1260,1260
60,1260
7,1260
1260,1260
13,1260
1260,1260
6,1260
28,1260
23,1260
98,1260
1260,1260
70,1260
61,1260
30,1260
1260,1260
1260,1260
37,1260
13,1260
56,1260
1260,1260
1575,1575
59,1575
10,1575
14,1575
28,1575
19,1575
3,1575
0,1575
33,1575
75,1575
1575,1575
24,1575
27,1575
144,1575
30,1575
36,1575
20,1575
29,1575
27,1575
1575,1575
26,1575
29,1575
40,1575
1575,1575
1,1575
1575,1575
117,1575
29,1575
60,1575
151,1575
11,1575
48,1575
119,1575
1575,1575
140,1575
58,1575
18,1575
1575,1575
1575,1575
12,1575
1575,1575
33,1575
1575,1575
1575,1575
13,1575
17,1575
73,1575
29,1575
78,1575
103,1575
104,1575
1575,1575
31,1575
2,1575
29,1575
20,1575
55,1575
1575,1575
6,1575
12,1575
87,1575
1575,1575
1575,1575
7,1575
11,1575
1575,1575
1575,1575
5,1575
2,1575
5,1575
111,1575
3,1575
1575,1575
1,1575
1575,1575
1,1575
27,1575
60,1575
62,1575
57,1575
68,1575
8,1575
1575,1575
1575,1575
8,1575
27,1575
59,1575
4,1575
9,1575
21,1575
1575,1575
91,1575
20,1575
76,1575
1575,1575
18,1575
16,1575
11,1575
27,1575
1575,1575
1890,1890
37,1890
4,1890
89,1890
1890,1890
10,1890
63,1890
1890,1890
94,1890
25,1890
1890,1890
15,1890
35,1890
1890,1890
12,1890
25,1890
38,1890
1890,1890
29,1890
36,1890
3,1890
24,1890
1890,1890
1890,1890
33,1890
1890,1890
186,1890
29,1890
1890,1890
75,1890
1,1890
17,1890
15,1890
86,1890
59,1890
1890,1890
1890,1890
1890,1890
77,1890
7,1890
4,1890
2,1890
35,1890
9,1890
9,1890
43,1890
1890,1890
1890,1890
116,1890
58,1890
6,1890
14,1890
117,1890
2,1890
1890,1890
1890,1890
45,1890
38,1890
9,1890
18,1890
45,1890
32,1890
37,1890
33,1890
17,1890
1890,1890
72,1890
1890,1890
45,1890
7,1890
1890,1890
19,1890
171,1890
32,1890
1890,1890
30,1890
1890,1890
48,1890
1890,1890
113,1890
31,1890
115,1890
3,1890
9,1890
20,1890
129,1890
43,1890
72,1890
1890,1890
65,1890
45,1890
8,1890
20,1890
18,1890
1890,1890
93,1890
52,1890
33,1890
31,1890
1890,1890
18,2205
72,2205
2205,2205
0,2205
11,2205
112,2205
2,2205
61,2205
7,2205
2205,2205
112,2205
43,2205
76,2205
4,2205
2205,2205
4,2205
29,2205
18,2205
111,2205
44,2205
22,2205
61,2205
21,2205
12,2205
20,2205
17,2205
114,2205
65,2205
2205,2205
108,2205
2205,2205
37,2205
2205,2205
16,2205
30,2205
85,2205
195,2205
2,2205
55,2205
1,2205
12,2205
11,2205
166,2205
8,2205
190,2205
143,2205
19,2205
21,2205
52,2205
35,2205
185,2205
2205,2205
59,2205
2205,2205
15,2205
69,2205
69,2205
3,2205
2205,2205
14,2205
38,2205
2205,2205
18,2205
24,2205
41,2205
90,2205
0,2205
82,2205
93,2205
2205,2205
2205,2205
2205,2205
57,2205
2205,2205
189,2205
2205,2205
60,2205
194,2205
2205,2205
1,2205
2205,2205
2205,2205
29,2205
61,2205
44,2205
17,2205
2205,2205
26,2205
43,2205
2205,2205
1,2205
174,2205
2205,2205
22,2205
42,2205
2205,2205
2205,2205
12,2205
2205,2205
2205,2205
91,2520
205,2520
38,2520
97,2520
24,2520
112,2520
66,2520
15,2520
371,2520
169,2520
63,2520
20,2520
167,2520
22,2520
17,2520
144,2520
2520,2520
2520,2520
63,2520
28,2520
63,2520
29,2520
2520,2520
120,2520
24,2520
2520,2520
2520,2520
32,2520
37,2520
41,2520
14,2520
21,2520
176,2520
35,2520
40,2520
15,2520
11,2520
129,2520
181,2520
40,2520
2520,2520
19,2520
34,2520
136,2520
2520,2520
2520,2520
219,2520
109,2520
25,2520
2520,2520
77,2520
1,2520
18,2520
2520,2520
2520,2520
2520,2520
2520,2520
2520,2520
19,2520
55,2520
2,2520
65,2520
330,2520
6,2520
29,2520
2520,2520
19,2520
8,2520
22,2520
2520,2520
253,2520
158,2520
13,2520
2520,2520
51,2520
2520,2520
58,2520
137,2520
92,2520
12,2520
37,2520
161,2520
12,2520
16,2520
42,2520
99,2520
46,2520
12,2520
2520,2520
2520,2520
20,2520
2520,2520
70,2520
90,2520
2520,2520
28,2520
11,2520
5,2520
69,2520
22,2520
100,2835
0,2835
99,2835
12,2835
142,2835
0,2835
164,2835
1,2835
192,2835
60,2835
4,2835
34,2835
164,2835
21,2835
10,2835
56,2835
14,2835
9,2835
140,2835
22,2835
229,2835
75,2835
51,2835
103,2835
2835,2835
2835,2835
46,2835
7,2835
19,2835
8,2835
145,2835
2835,2835
153,2835
45,2835
44,2835
8,2835
142,2835
2835,2835
49,2835
76,2835
70,2835
2835,2835
62,2835
44,2835
2835,2835
2835,2835
4,2835
2835,2835
2835,2835
2,2835
14,2835
35,2835
3,2835
90,2835
266,2835
47,2835
5,2835
267,2835
142,2835
35,2835
2835,2835
2835,2835
2835,2835
77,2835
6,2835
9,2835
63,2835
2835,2835
12,2835
2835,2835
2835,2835
2835,2835
90,2835
2835,2835
159,2835
8,2835
2835,2835
42,2835
13,2835
57,2835
44,2835
74,2835
50,2835
61,2835
19,2835
2835,2835
2835,2835
27,2835
158,2835
58,2835
49,2835
122,2835
26,2835
9,2835
107,2835
75,2835
2835,2835
2835,2835
148,2835
93,2835
127,3150
10,3150
40,3150
80,3150
14,3150
45,3150
224,3150
67,3150
254,3150
33,3150
289,3150
5,3150
3150,3150
3150,3150
37,3150
28,3150
67,3150
3150,3150
89,3150
2,3150
8,3150
3150,3150
87,3150
23,3150
49,3150
17,3150
203,3150
153,3150
31,3150
17,3150
39,3150
298,3150
30,3150
126,3150
58,3150
40,3150
111,3150
16,3150
21,3150
54,3150
9,3150
11,3150
3150,3150
3,3150
32,3150
97,3150
68,3150
120,3150
188,3150
17,3150
3150,3150
7,3150
3150,3150
110,3150
34,3150
479,3150
89,3150
20,3150
3150,3150
8,3150
303,3150
68,3150
74,3150
122,3150
34,3150
117,3150
0,3150
189,3150
38,3150
240,3150
92,3150
3150,3150
23,3150
29,3150
3150,3150
1,3150
144,3150
23,3150
16,3150
3150,3150
4,3150
3150,3150
3150,3150
14,3150
27,3150
19,3150
19,3150
3150,3150
8,3150
91,3150
117,3150
12,3150
88,3150
176,3150
213,3150
3150,3150
3150,3150
59,3150
14,3150
3150,3150
4,3465
215,3465
15,3465
193,3465
19,3465
44,3465
17,3465
3465,3465
93,3465
275,3465
51,3465
41,3465
98,3465
102,3465
9,3465
56,3465
74,3465
3465,3465
3465,3465
24,3465
3465,3465
3465,3465
3465,3465
115,3465
272,3465
83,3465
294,3465
16,3465
20,3465
8,3465
28,3465
6,3465
100,3465
246,3465
97,3465
21,3465
538,3465
56,3465
9,3465
124,3465
45,3465
64,3465
9,3465
37,3465
98,3465
101,3465
49,3465
176,3465
289,3465
123,3465
3465,3465
75,3465
157,3465
157,3465
3465,3465
140,3465
149,3465
164,3465
32,3465
3465,3465
5,3465
45,3465
71,3465
120,3465
3465,3465
130,3465
3465,3465
19,3465
41,3465
82,3465
68,3465
3465,3465
125,3465
3465,3465
103,3465
16,3465
110,3465
4,3465
81,3465
25,3465
95,3465
98,3465
3465,3465
71,3465
23,3465
1,3465
129,3465
3465,3465
3465,3465
3,3465
11,3465
1,3465
130,3465
30,3465
184,3465
17,3465
17,3465
29,3465
3465,3465
29,3465
5,700
700,700
3,700
700,700
700,700
700,700
2,700
22,700
28,700
0,700
700,700
0,700
700,700
700,700
700,700
700,700
7,700
700,700
9,700
700,700
700,700
700,700
700,700
9,700
13,700
700,700
11,700
700,700
7,700
700,700
3,700
700,700
700,700
49,700
58,700
18,700
700,700
26,700
0,700
9,700
11,700
11,700
10,700
6,700
700,700
2,700
6,700
700,700
700,700
700,700
18,700
26,700
700,700
0,700
700,700
0,700
700,700
700,700
7,700
700,700
0,700
1,700
700,700
31,700
700,700
9,700
700,700
14,700
700,700
15,700
7,700
700,700
700,700
1,700
19,700
700,700
1,700
700,700
700,700
19,700
700,700
15,700
700,700
22,700
15,700
700,700
1,700
700,700
6,700
700,700
700,700
0,700
19,700
700,700
700,700
700,700
2,700
12,700
700,700
5,700
1050,1050
71,1050
1050,1050
42,1050
14,1050
1050,1050
1050,1050
1050,1050
1050,1050
1050,1050
48,1050
1050,1050
1050,1050
1050,1050
8,1050
7,1050
1050,1050
18,1050
1050,1050
1050,1050
1050,1050
1050,1050
2,1050
23,1050
1050,1050
1050,1050
1050,1050
1050,1050
1050,1050
3,1050
9,1050
1050,1050
13,1050
1050,1050
1050,1050
16,1050
13,1050
11,1050
22,1050
1050,1050
3,1050
23,1050
30,1050
36,1050
1050,1050
6,1050
40,1050
5,1050
1050,1050
1050,1050
3,1050
22,1050
38,1050
1050,1050
20,1050
1050,1050
1050,1050
24,1050
29,1050
14,1050
16,1050
1050,1050
0,1050
47,1050
0,1050
28,1050
26,1050
67,1050
9,1050
1050,1050
2,1050
27,1050
2,1050
1050,1050
7,1050
4,1050
13,1050
36,1050
1050,1050
19,1050
56,1050
48,1050
30,1050
54,1050
45,1050
19,1050
1050,1050
43,1050
1050,1050
25,1050
22,1050
15,1050
24,1050
9,1050
1050,1050
1050,1050
60,1050
0,1050
9,1050
19,1050
1400,1400
10,1400
6,1400
5,1400
10,1400
1400,1400
32,1400
16,1400
46,1400
11,1400
100,1400
1,1400
24,1400
7,1400
1400,1400
19,1400
1400,1400
13,1400
1400,1400
1400,1400
1400,1400
8,1400
1400,1400
1400,1400
14,1400
35,1400
6,1400
36,1400
9,1400
12,1400
29,1400
1400,1400
16,1400
1400,1400
8,1400
1400,1400
1400,1400
38,1400
3,1400
33,1400
1400,1400
13,1400
15,1400
11,1400
1400,1400
1,1400
1400,1400
1400,1400
1400,1400
1400,1400
1400,1400
13,1400
8,1400
13,1400
59,1400
31,1400
2,1400
1400,1400
7,1400
9,1400
12,1400
17,1400
104,1400
1400,1400
14,1400
6,1400
34,1400
250,1400
1400,1400
18,1400
1400,1400
9,1400
34,1400
4,1400
21,1400
1400,1400
30,1400
53,1400
1400,1400
26,1400
17,1400
1400,1400
8,1400
1400,1400
1400,1400
36,1400
70,1400
48,1400
1400,1400
3,1400
13,1400
6,1400
44,1400
0,1400
36,1400
7,1400
3,1400
8,1400
22,1400
58,1400
23,1750
9,1750
1750,1750
15,1750
1750,1750
1750,1750
90,1750
104,1750
1,1750
1750,1750
40,1750
49,1750
6,1750
54,1750
54,1750
24,1750
1750,1750
261,1750
9,1750
89,1750
1750,1750
1750,1750
151,1750
98,1750
34,1750
3,1750
1750,1750
15,1750
9,1750
9,1750
4,1750
1750,1750
41,1750
1750,1750
17,1750
0,1750
16,1750
23,1750
39,1750
1750,1750
1750,1750
24,1750
1750,1750
1750,1750
42,1750
142,1750
1750,1750
29,1750
23,1750
37,1750
78,1750
3,1750
42,1750
34,1750
1750,1750
28,1750
1750,1750
55,1750
36,1750
1750,1750
149,1750
59,1750
1750,1750
10,1750
1750,1750
63,1750
36,1750
33,1750
1750,1750
1750,1750
1750,1750
1750,1750
69,1750
43,1750
8,1750
1750,1750
72,1750
18,1750
1750,1750
41,1750
22,1750
23,1750
16,1750
28,1750
112,1750
11,1750
41,1750
1750,1750
8,1750
4,1750
53,1750
19,1750
1750,1750
1750,1750
14,1750
8,1750
1750,1750
95,1750
6,1750
43,1750
53,2100
2100,2100
15,2100
13,2100
2100,2100
2100,2100
115,2100
2100,2100
294,2100
17,2100
21,2100
44,2100
101,2100
71,2100
11,2100
2100,2100
2100,2100
2100,2100
2100,2100
15,2100
15,2100
165,2100
3,2100
37,2100
115,2100
2100,2100
16,2100
30,2100
2,2100
21,2100
2100,2100
82,2100
90,2100
7,2100
24,2100
2100,2100
151,2100
134,2100
14,2100
7,2100
23,2100
2100,2100
12,2100
53,2100
71,2100
61,2100
45,2100
6,2100
2100,2100
34,2100
2100,2100
0,2100
40,2100
103,2100
71,2100
68,2100
2100,2100
9,2100
32,2100
26,2100
39,2100
115,2100
76,2100
134,2100
131,2100
6,2100
31,2100
21,2100
46,2100
21,2100
25,2100
0,2100
3,2100
0,2100
80,2100
2100,2100
37,2100
53,2100
23,2100
49,2100
2100,2100
82,2100
2100,2100
45,2100
94,2100
94,2100
41,2100
2100,2100
15,2100
38,2100
2100,2100
18,2100
37,2100
9,2100
2100,2100
20,2100
129,2100
5,2100
2100,2100
21,2100
2450,2450
2450,2450
27,2450
10,2450
11,2450
8,2450
2450,2450
14,2450
66,2450
10,2450
24,2450
3,2450
0,2450
96,2450
42,2450
26,2450
23,2450
22,2450
25,2450
8,2450
51,2450
15,2450
32,2450
4,2450
41,2450
35,2450
134,2450
2450,2450
7,2450
3,2450
75,2450
13,2450
37,2450
2450,2450
120,2450
49,2450
23,2450
55,2450
4,2450
2450,2450
2450,2450
42,2450
59,2450
41,2450
76,2450
0,2450
2450,2450
130,2450
66,2450
210,2450
2450,2450
0,2450
9,2450
86,2450
124,2450
173,2450
88,2450
2450,2450
59,2450
34,2450
2450,2450
0,2450
2,2450
2450,2450
92,2450
77,2450
99,2450
128,2450
13,2450
58,2450
2450,2450
31,2450
54,2450
11,2450
21,2450
48,2450
20,2450
67,2450
87,2450
2450,2450
81,2450
35,2450
25,2450
159,2450
2450,2450
2450,2450
104,2450
2450,2450
66,2450
38,2450
31,2450
28,2450
53,2450
2450,2450
2450,2450
18,2450
141,2450
18,2450
32,2450
17,2450
2800,2800
109,2800
7,2800
197,2800
88,2800
75,2800
50,2800
36,2800
23,2800
33,2800
16,2800
2800,2800
45,2800
2800,2800
54,2800
64,2800
22,2800
2800,2800
53,2800
51,2800
80,2800
16,2800
88,2800
2800,2800
3,2800
2800,2800
40,2800
2800,2800
2800,2800
148,2800
36,2800
83,2800
112,2800
32,2800
23,2800
56,2800
71,2800
109,2800
2800,2800
66,2800
31,2800
2800,2800
139,2800
2800,2800
41,2800
2800,2800
31,2800
84,2800
20,2800
3,2800
1,2800
205,2800
30,2800
111,2800
5,2800
18,2800
57,2800
3,2800
18,2800
206,2800
14,2800
191,2800
2800,2800
23,2800
25,2800
41,2800
21,2800
26,2800
24,2800
24,2800
36,2800
2800,2800
215,2800
2800,2800
56,2800
75,2800
2800,2800
183,2800
2800,2800
2800,2800
14,2800
77,2800
19,2800
13,2800
118,2800
39,2800
60,2800
216,2800
89,2800
2800,2800
88,2800
16,2800
17,2800
2800,2800
14,2800
241,2800
2800,2800
224,2800
52,2800
158,2800
83,3150
41,3150
115,3150
335,3150
18,3150
38,3150
3150,3150
178,3150
2,3150
152,3150
8,3150
3150,3150
225,3150
50,3150
212,3150
3150,3150
55,3150
60,3150
65,3150
35,3150
262,3150
3150,3150
224,3150
122,3150
3150,3150
172,3150
325,3150
3150,3150
214,3150
48,3150
284,3150
3150,3150
58,3150
3150,3150
3150,3150
37,3150
11,3150
18,3150
32,3150
33,3150
3150,3150
18,3150
0,3150
3150,3150
179,3150
0,3150
3150,3150
16,3150
83,3150
48,3150
3150,3150
40,3150
43,3150
119,3150
36,3150
262,3150
55,3150
10,3150
138,3150
196,3150
109,3150
3150,3150
19,3150
46,3150
3150,3150
147,3150
0,3150
53,3150
212,3150
3150,3150
10,3150
126,3150
70,3150
3150,3150
112,3150
23,3150
264,3150
81,3150
3150,3150
58,3150
59,3150
3150,3150
223,3150
13,3150
48,3150
172,3150
50,3150
58,3150
15,3150
98,3150
22,3150
3150,3150
14,3150
25,3150
124,3150
7,3150
23,3150
3150,3150
2,3150
42,3150
265,3500
112,3500
20,3500
50,3500
3500,3500
3500,3500
28,3500
85,3500
5,3500
3500,3500
5,3500
3500,3500
3500,3500
143,3500
56,3500
161,3500
266,3500
3500,3500
9,3500
179,3500
3500,3500
3500,3500
74,3500
13,3500
25,3500
7,3500
163,3500
23,3500
66,3500
105,3500
26,3500
111,3500
76,3500
3500,3500
45,3500
33,3500
21,3500
3500,3500
3500,3500
84,3500
11,3500
192,3500
284,3500
2,3500
12,3500
6,3500
3,3500
3500,3500
120,3500
118,3500
262,3500
12,3500
249,3500
36,3500
190,3500
124,3500
27,3500
109,3500
109,3500
119,3500
3500,3500
91,3500
32,3500
71,3500
184,3500
25,3500
2,3500
293,3500
3500,3500
219,3500
19,3500
224,3500
30,3500
4,3500
84,3500
3500,3500
110,3500
185,3500
65,3500
58,3500
10,3500
266,3500
128,3500
72,3500
129,3500
143,3500
61,3500
60,3500
99,3500
3500,3500
20,3500
100,3500
114,3500
26,3500
35,3500
70,3500
30,3500
86,3500
5,3500
54,3500
101,3850
206,3850
159,3850
3850,3850
61,3850
176,3850
127,3850
3850,3850
239,3850
128,3850
139,3850
3,3850
9,3850
8,3850
29,3850
21,3850
222,3850
84,3850
3850,3850
37,3850
41,3850
225,3850
140,3850
104,3850
114,3850
250,3850
20,3850
302,3850
47,3850
28,3850
301,3850
22,3850
76,3850
27,3850
3850,3850
236,3850
3850,3850
3850,3850
168,3850
261,3850
3850,3850
35,3850
8,3850
3850,3850
69,3850
86,3850
3850,3850
47,3850
3850,3850
76,3850
28,3850
3850,3850
77,3850
67,3850
4,3850
331,3850
234,3850
77,3850
157,3850
3850,3850
32,3850
29,3850
3850,3850
100,3850
3850,3850
30,3850
33,3850
84,3850
43,3850
162,3850
33,3850
20,3850
3850,3850
130,3850
66,3850
16,3850
19,3850
58,3850
89,3850
156,3850
3850,3850
14,3850
120,3850
110,3850
20,3850
111,3850
160,3850
210,3850
108,3850
51,3850
122,3850
127,3850
3850,3850
21,3850
90,3850
14,3850
88,3850
33,3850
35,3850
77,3850
770,770
770,770
770,770
2,770
7,770
770,770
770,770
33,770
4,770
8,770
770,770
770,770
770,770
770,770
770,770
770,770
770,770
770,770
770,770
1,770
15,770
770,770
770,770
2,770
770,770
23,770
770,770
21,770
770,770
770,770
770,770
15,770
770,770
10,770
17,770
770,770
770,770
770,770
12,770
770,770
5,770
0,770
21,770
770,770
29,770
770,770
770,770
770,770
770,770
0,770
770,770
770,770
770,770
18,770
85,770
49,770
770,770
5,770
12,770
5,770
770,770
770,770
770,770
770,770
770,770
0,770
0,770
55,770
7,770
770,770
770,770
770,770
13,770
1,770
18,770
770,770
13,770
0,770
2,770
770,770
770,770
43,770
10,770
0,770
770,770
770,770
770,770
770,770
770,770
770,770
9,770
770,770
770,770
29,770
0,770
28,770
20,770
770,770
770,770
8,770
88,1155
20,1155
11,1155
2,1155
31,1155
1155,1155
13,1155
67,1155
14,1155
18,1155
2,1155
7,1155
31,1155
1155,1155
42,1155
6,1155
59,1155
25,1155
1155,1155
20,1155
7,1155
11,1155
18,1155
1155,1155
14,1155
5,1155
40,1155
0,1155
12,1155
1155,1155
79,1155
1155,1155
7,1155
1155,1155
1,1155
0,1155
1155,1155
14,1155
65,1155
12,1155
23,1155
32,1155
8,1155
1155,1155
4,1155
18,1155
28,1155
7,1155
41,1155
1155,1155
1155,1155
1155,1155
1,1155
70,1155
16,1155
1155,1155
28,1155
0,1155
1155,1155
21,1155
36,1155
1155,1155
1,1155
0,1155
76,1155
28,1155
15,1155
38,1155
1155,1155
1155,1155
22,1155
39,1155
10,1155
2,1155
82,1155
0,1155
1155,1155
32,1155
0,1155
25,1155
1155,1155
1155,1155
1155,1155
14,1155
39,1155
1155,1155
40,1155
1155,1155
56,1155
1155,1155
38,1155
7,1155
21,1155
1155,1155
19,1155
34,1155
1,1155
0,1155
27,1155
70,1155
22,1540
30,1540
6,1540
1540,1540
13,1540
16,1540
14,1540
1540,1540
0,1540
43,1540
6,1540
36,1540
1540,1540
122,1540
39,1540
1540,1540
1540,1540
140,1540
1540,1540
163,1540
40,1540
9,1540
1540,1540
63,1540
1540,1540
18,1540
1540,1540
18,1540
8,1540
13,1540
0,1540
1540,1540
24,1540
27,1540
23,1540
89,1540
43,1540
4,1540
1540,1540
149,1540
0,1540
35,1540
36,1540
1540,1540
53,1540
4,1540
65,1540
26,1540
4,1540
1540,1540
62,1540
9,1540
59,1540
1540,1540
2,1540
1540,1540
11,1540
19,1540
8,1540
30,1540
1540,1540
1540,1540
11,1540
1540,1540
1,1540
0,1540
58,1540
1540,1540
1540,1540
82,1540
1540,1540
5,1540
1540,1540
15,1540
1540,1540
1540,1540
4,1540
46,1540
1540,1540
1540,1540
1540,1540
10,1540
83,1540
1540,1540
1540,1540
24,1540
0,1540
1540,1540
1540,1540
17,1540
1540,1540
58,1540
1540,1540
95,1540
50,1540
1540,1540
28,1540
32,1540
127,1540
25,1540
1925,1925
44,1925
32,1925
66,1925
1925,1925
31,1925
7,1925
77,1925
19,1925
82,1925
29,1925
1925,1925
22,1925
1925,1925
27,1925
1925,1925
25,1925
74,1925
1925,1925
1925,1925
101,1925
14,1925
1925,1925
103,1925
7,1925
1925,1925
46,1925
6,1925
1925,1925
6,1925
12,1925
53,1925
49,1925
1925,1925
11,1925
15,1925
18,1925
42,1925
1925,1925
89,1925
8,1925
16,1925
23,1925
1925,1925
11,1925
7,1925
18,1925
1925,1925
1925,1925
1925,1925
34,1925
14,1925
57,1925
28,1925
1925,1925
1925,1925
45,1925
4,1925
32,1925
1925,1925
95,1925
15,1925
77,1925
93,1925
43,1925
49,1925
1925,1925
1925,1925
87,1925
2,1925
14,1925
63,1925
1,1925
43,1925
1925,1925
0,1925
20,1925
1925,1925
1925,1925
19,1925
31,1925
10,1925
35,1925
56,1925
32,1925
55,1925
0,1925
1925,1925
17,1925
1925,1925
1925,1925
44,1925
46,1925
130,1925
2,1925
8,1925
46,1925
1925,1925
180,1925
1925,1925
71,2310
21,2310
44,2310
2310,2310
2310,2310
8,2310
16,2310
2310,2310
51,2310
23,2310
7,2310
24,2310
93,2310
5,2310
22,2310
136,2310
171,2310
2310,2310
76,2310
1,2310
89,2310
22,2310
17,2310
77,2310
16,2310
11,2310
5,2310
2310,2310
197,2310
2310,2310
20,2310
22,2310
33,2310
33,2310
2310,2310
2,2310
26,2310
2310,2310
100,2310
2310,2310
124,2310
27,2310
2310,2310
40,2310
2310,2310
4,2310
2310,2310
41,2310
76,2310
69,2310
2,2310
25,2310
102,2310
2310,2310
2,2310
158,2310
7,2310
2310,2310
99,2310
46,2310
54,2310
49,2310
27,2310
2,2310
62,2310
142,2310
2310,2310
20,2310
2310,2310
23,2310
2310,2310
7,2310
56,2310
84,2310
156,2310
2310,2310
21,2310
48,2310
55,2310
11,2310
2,2310
39,2310
86,2310
32,2310
28,2310
2310,2310
49,2310
37,2310
7,2310
75,2310
6,2310
40,2310
2310,2310
2310,2310
2310,2310
36,2310
63,2310
120,2310
49,2310
23,2310
70,2695
44,2695
4,2695
0,2695
66,2695
168,2695
60,2695
7,2695
0,2695
2695,2695
21,2695
14,2695
2695,2695
159,2695
2695,2695
7,2695
212,2695
2695,2695
19,2695
2,2695
92,2695
2695,2695
15,2695
44,2695
94,2695
221,2695
14,2695
12,2695
31,2695
3,2695
5,2695
33,2695
56,2695
23,2695
63,2695
143,2695
55,2695
2695,2695
27,2695
9,2695
19,2695
2695,2695
183,2695
47,2695
109,2695
24,2695
13,2695
0,2695
133,2695
47,2695
200,2695
240,2695
32,2695
2695,2695
233,2695
78,2695
105,2695
114,2695
77,2695
2695,2695
134,2695
2695,2695
38,2695
29,2695
87,2695
2695,2695
102,2695
2695,2695
2695,2695
8,2695
171,2695
322,2695
76,2695
2695,2695
97,2695
2695,2695
80,2695
13,2695
9,2695
2695,2695
13,2695
39,2695
2695,2695
205,2695
207,2695
41,2695
149,2695
65,2695
51,2695
121,2695
2695,2695
6,2695
111,2695
25,2695
27,2695
244,2695
168,2695
26,2695
51,2695
91,2695
33,3080
3080,3080
224,3080
3080,3080
394,3080
56,3080
3080,3080
78,3080
171,3080
18,3080
9,3080
3080,3080
250,3080
62,3080
114,3080
104,3080
85,3080
54,3080
279,3080
32,3080
250,3080
238,3080
22,3080
16,3080
7,3080
3080,3080
91,3080
3080,3080
14,3080
125,3080
51,3080
46,3080
4,3080
511,3080
197,3080
149,3080
3080,3080
29,3080
12,3080
89,3080
32,3080
63,3080
128,3080
275,3080
12,3080
201,3080
61,3080
3080,3080
29,3080
48,3080
9,3080
15,3080
180,3080
3080,3080
89,3080
1,3080
14,3080
29,3080
60,3080
13,3080
3080,3080
196,3080
19,3080
5,3080
164,3080
27,3080
54,3080
224,3080
3080,3080
3080,3080
206,3080
3080,3080
46,3080
99,3080
81,3080
26,3080
19,3080
139,3080
2,3080
29,3080
2,3080
86,3080
139,3080
3080,3080
13,3080
99,3080
3080,3080
0,3080
18,3080
3080,3080
3080,3080
29,3080
3,3080
21,3080
3080,3080
80,3080
191,3080
61,3080
71,3080
17,3080
200,3465
83,3465
3465,3465
8,3465
32,3465
35,3465
53,3465
34,3465
18,3465
171,3465
17,3465
10,3465
107,3465
3465,3465
124,3465
115,3465
17,3465
58,3465
41,3465
109,3465
71,3465
59,3465
39,3465
162,3465
3465,3465
173,3465
3465,3465
42,3465
92,3465
101,3465
3465,3465
108,3465
3465,3465
10,3465
64,3465
102,3465
27,3465
129,3465
3465,3465
10,3465
2,3465
117,3465
343,3465
48,3465
9,3465
3465,3465
3465,3465
24,3465
3465,3465
3465,3465
3465,3465
3465,3465
462,3465
4,3465
42,3465
28,3465
0,3465
103,3465
127,3465
3465,3465
4,3465
14,3465
157,3465
3465,3465
29,3465
85,3465
3,3465
7,3465
3465,3465
26,3465
3465,3465
3465,3465
3465,3465
373,3465
3465,3465
19,3465
108,3465
3465,3465
3465,3465
19,3465
201,3465
12,3465
15,3465
3465,3465
114,3465
221,3465
110,3465
8,3465
141,3465
3465,3465
56,3465
56,3465
356,3465
139,3465
276,3465
76,3465
52,3465
95,3465
3465,3465
3465,3465
31,3850
110,3850
109,3850
3850,3850
79,3850
8,3850
6,3850
42,3850
7,3850
122,3850
59,3850
25,3850
3850,3850
214,3850
136,3850
3850,3850
116,3850
155,3850
16,3850
49,3850
71,3850
53,3850
15,3850
17,3850
109,3850
83,3850
35,3850
39,3850
42,3850
123,3850
40,3850
6,3850
13,3850
3850,3850
25,3850
18,3850
3850,3850
41,3850
45,3850
15,3850
168,3850
51,3850
52,3850
82,3850
3850,3850
33,3850
3850,3850
3850,3850
156,3850
3850,3850
70,3850
185,3850
40,3850
333,3850
234,3850
188,3850
127,3850
81,3850
46,3850
3850,3850
36,3850
154,3850
31,3850
610,3850
1,3850
51,3850
3850,3850
3850,3850
26,3850
425,3850
45,3850
212,3850
109,3850
3850,3850
3850,3850
8,3850
3850,3850
91,3850
18,3850
30,3850
3850,3850
22,3850
124,3850
3850,3850
325,3850
278,3850
3850,3850
60,3850
41,3850
77,3850
92,3850
16,3850
42,3850
68,3850
55,3850
117,3850
55,3850
112,3850
3850,3850
26,3850
16,4235
4235,4235
51,4235
47,4235
4,4235
168,4235
256,4235
119,4235
298,4235
42,4235
197,4235
51,4235
329,4235
78,4235
55,4235
4235,4235
18,4235
136,4235
67,4235
145,4235
44,4235
42,4235
117,4235
41,4235
124,4235
160,4235
80,4235
218,4235
312,4235
0,4235
293,4235
192,4235
4235,4235
118,4235
16,4235
16,4235
205,4235
398,4235
4235,4235
133,4235
156,4235
13,4235
42,4235
95,4235
22,4235
155,4235
4235,4235
135,4235
40,4235
104,4235
101,4235
4235,4235
12,4235
38,4235
74,4235
5,4235
4235,4235
4235,4235
148,4235
212,4235
135,4235
25,4235
161,4235
207,4235
67,4235
40,4235
5,4235
231,4235
43,4235
75,4235
39,4235
91,4235
4235,4235
269,4235
132,4235
4235,4235
44,4235
142,4235
4235,4235
53,4235
30,4235
230,4235
247,4235
66,4235
4235,4235
4235,4235
4,4235
116,4235
123,4235
138,4235
64,4235
201,4235
69,4235
43,4235
32,4235
4235,4235
22,4235
66,4235
83,4235
46,4235
